,accepted_timestamp,accepted_lat,accepted_lng,pickup_timestamp,dropped_off_timestamp
0,2021-07-15 22:29:22 UTC,29.4693,-98.64454,2021-07-15 22:37:28 UTC,2021-07-15 22:51:25 UTC
1,2021-07-15 23:30:53 UTC,29.42473,-98.48886,2021-07-15 23:35:51 UTC,2021-07-15 23:46:21 UTC
2,2021-07-15 19:31:09 UTC,29.4482,-98.66975,2021-07-15 19:37:27 UTC,2021-07-15 19:49:47 UTC
3,2021-07-10 23:25:59 UTC,29.52192,-98.55595,2021-07-10 23:29:56 UTC,2021-07-10 23:59:56 UTC
4,2021-07-07 21:32:25 UTC,29.453194,-98.637306,2021-07-07 21:38:39 UTC,2021-07-07 21:56:16 UTC
5,2021-07-07 21:04:26 UTC,29.441767,-98.667128,2021-07-07 21:08:04 UTC,2021-07-07 21:22:35 UTC
6,2021-07-07 22:46:23 UTC,29.52052,-98.47689,2021-07-07 22:49:12 UTC,2021-07-07 23:17:21 UTC
7,2021-07-07 22:12:00 UTC,29.40455,-98.55626,2021-07-07 22:16:28 UTC,2021-07-07 22:31:40 UTC
8,2021-07-15 21:02:27 UTC,29.35108,-98.4401,2021-07-15 21:10:37 UTC,2021-07-15 21:24:55 UTC
9,2021-07-15 21:29:51 UTC,29.35205,-98.44887,,
10,2021-07-15 21:39:48 UTC,29.40808,-98.47981,2021-07-15 21:47:47 UTC,2021-07-15 21:59:24 UTC
11,2021-07-03 17:12:42 UTC,29.356690000000004,-98.49133,2021-07-03 17:17:13 UTC,2021-07-03 17:22:58 UTC
12,2021-07-03 16:40:52 UTC,29.42032,-98.47945,2021-07-03 16:53:22 UTC,2021-07-03 17:09:32 UTC
13,2021-07-03 21:09:06 UTC,29.46681,-98.62112,2021-07-03 21:14:33 UTC,2021-07-03 21:45:32 UTC
14,2021-07-03 17:55:07 UTC,29.43615,-98.49586,2021-07-03 18:04:39 UTC,2021-07-03 18:11:12 UTC
15,2021-07-03 19:21:14 UTC,29.434622,-98.494118,2021-07-03 19:25:56 UTC,2021-07-03 19:38:01 UTC
16,2021-07-03 23:21:47 UTC,29.42746,-98.49748,2021-07-03 23:26:28 UTC,2021-07-03 23:35:57 UTC
17,2021-07-03 21:51:04 UTC,29.608690000000003,-98.48984,2021-07-03 21:55:58 UTC,2021-07-03 22:20:37 UTC
18,2021-07-21 21:25:20 UTC,29.57984,-98.39173,2021-07-21 21:33:39 UTC,2021-07-21 21:50:28 UTC
19,2021-07-21 18:47:59 UTC,29.435482,-98.688637,2021-07-21 18:53:16 UTC,2021-07-21 19:07:32 UTC
20,2021-07-07 22:00:45 UTC,29.4055,-98.62934,,
21,2021-07-07 20:29:08 UTC,29.43547,-98.69107,2021-07-07 20:35:21 UTC,2021-07-07 20:42:01 UTC
22,2021-07-07 23:32:31 UTC,29.59267,-98.57976,2021-07-07 23:37:27 UTC,2021-07-07 23:48:11 UTC
23,2021-07-12 22:44:47 UTC,29.49906,-98.50782,2021-07-12 22:54:09 UTC,2021-07-12 23:09:03 UTC
24,2021-07-12 20:35:13 UTC,29.505296,-98.474906,2021-07-12 20:40:48 UTC,2021-07-12 21:01:03 UTC
25,2021-07-12 19:04:53 UTC,29.51971,-98.47736,2021-07-12 19:10:35 UTC,2021-07-12 19:22:26 UTC
26,2021-07-12 20:05:13 UTC,29.51988,-98.48236,2021-07-12 20:07:07 UTC,2021-07-12 20:11:35 UTC
27,2021-07-12 20:59:54 UTC,29.504346,-98.61914,2021-07-12 21:06:57 UTC,2021-07-12 21:13:28 UTC
28,2021-07-12 22:22:05 UTC,29.520734,-98.487747,2021-07-12 22:35:42 UTC,2021-07-12 22:41:27 UTC
29,2021-07-10 18:41:13 UTC,29.442281,-98.72792,2021-07-10 18:59:49 UTC,2021-07-10 19:10:38 UTC
30,2021-07-23 17:20:30 UTC,29.474518,-98.6108,2021-07-23 17:22:43 UTC,2021-07-23 17:31:23 UTC
31,2021-07-23 20:47:56 UTC,29.486391,-98.347422,2021-07-23 20:56:53 UTC,2021-07-23 21:04:13 UTC
32,2021-07-23 19:26:19 UTC,29.522998,-98.476324,2021-07-23 19:29:09 UTC,2021-07-23 19:39:11 UTC
33,2021-07-23 18:33:27 UTC,29.477637,-98.589603,2021-07-23 18:41:14 UTC,2021-07-23 18:52:15 UTC
34,2021-07-23 19:49:12 UTC,29.515705,-98.415533,2021-07-23 19:52:04 UTC,2021-07-23 19:56:57 UTC
35,2021-07-23 20:29:02 UTC,29.473028000000003,-98.404108,2021-07-23 20:34:58 UTC,2021-07-23 20:45:25 UTC
36,2021-07-23 19:59:32 UTC,29.48589,-98.403159,,
37,2021-07-23 21:44:31 UTC,29.522907,-98.47629,2021-07-23 21:47:54 UTC,2021-07-23 22:26:00 UTC
38,2021-07-23 20:10:58 UTC,29.484136,-98.383407,2021-07-23 20:18:37 UTC,2021-07-23 20:23:25 UTC
39,2021-07-23 17:33:12 UTC,29.490967,-98.613132,2021-07-23 17:35:46 UTC,2021-07-23 17:49:44 UTC
40,2021-07-25 02:42:39 UTC,29.532621,-98.566811,2021-07-25 02:44:15 UTC,2021-07-25 02:52:43 UTC
41,2021-07-25 04:39:08 UTC,29.431266,-98.482529,2021-07-25 04:42:32 UTC,2021-07-25 04:50:45 UTC
42,2021-07-25 04:13:38 UTC,29.438398,-98.642051,2021-07-25 04:26:12 UTC,2021-07-25 04:37:42 UTC
43,2021-07-09 02:23:28 UTC,29.41592,-98.46825,2021-07-09 02:28:24 UTC,2021-07-09 02:35:57 UTC
44,2021-07-09 02:41:33 UTC,29.41086,-98.47325,2021-07-09 02:45:01 UTC,2021-07-09 03:12:47 UTC
45,2021-06-28 23:24:42 UTC,29.45041,-98.68213,2021-06-28 23:30:14 UTC,2021-06-28 23:53:19 UTC
46,2021-07-03 20:01:06 UTC,29.479392,-98.523211,2021-07-03 20:06:06 UTC,2021-07-03 20:21:53 UTC
47,2021-07-03 17:19:23 UTC,29.356643,-98.498733,2021-07-03 17:29:12 UTC,2021-07-03 17:46:11 UTC
48,2021-07-17 16:19:08 UTC,29.519844,-98.478015,2021-07-17 16:27:08 UTC,2021-07-17 16:41:22 UTC
49,2021-07-17 18:33:20 UTC,29.517913,-98.453468,2021-07-17 18:46:29 UTC,2021-07-17 18:55:14 UTC
50,2021-07-17 22:08:06 UTC,29.60951,-98.51326,2021-07-17 22:10:46 UTC,2021-07-17 22:28:30 UTC
51,2021-07-17 21:27:07 UTC,29.520264,-98.487278,2021-07-17 21:29:36 UTC,2021-07-17 21:41:24 UTC
52,2021-07-13 16:17:29 UTC,29.33319,-98.5762,2021-07-13 16:24:10 UTC,2021-07-13 16:47:15 UTC
53,2021-07-13 20:23:32 UTC,29.49257,-98.70908,2021-07-13 20:28:25 UTC,2021-07-13 20:39:35 UTC
54,2021-07-13 21:29:43 UTC,29.43914,-98.45504,2021-07-13 21:41:11 UTC,2021-07-13 21:46:27 UTC
55,2021-07-13 19:21:30 UTC,29.56389,-98.59449,2021-07-13 19:32:05 UTC,2021-07-13 19:39:16 UTC
56,2021-07-27 19:21:37 UTC,29.53491,-98.52064,2021-07-27 19:25:49 UTC,2021-07-27 19:49:01 UTC
57,2021-07-27 20:01:23 UTC,29.344146,-98.546968,2021-07-27 20:07:32 UTC,2021-07-27 20:20:56 UTC
58,2021-07-27 20:37:25 UTC,29.434693,-98.494456,2021-07-27 20:42:03 UTC,2021-07-27 20:50:03 UTC
59,2021-07-18 05:48:58 UTC,29.480190000000004,-98.58307,2021-07-18 05:59:01 UTC,2021-07-18 06:08:43 UTC
60,2021-07-18 02:03:32 UTC,29.450570000000003,-98.68339,2021-07-18 02:05:38 UTC,2021-07-18 02:11:27 UTC
61,2021-07-18 06:00:40 UTC,29.442348,-98.543411,2021-07-18 06:09:25 UTC,2021-07-18 06:18:52 UTC
62,2021-07-18 17:09:04 UTC,29.433337,-98.64765,2021-07-18 17:16:23 UTC,2021-07-18 17:33:29 UTC
63,2021-07-18 04:41:32 UTC,29.423196,-98.485357,2021-07-18 04:55:28 UTC,2021-07-18 05:03:23 UTC
64,2021-07-18 05:32:08 UTC,29.399482,-98.511377,2021-07-18 05:35:35 UTC,2021-07-18 05:48:11 UTC
65,2021-07-18 02:52:32 UTC,29.440126,-98.442283,2021-07-18 02:56:38 UTC,2021-07-18 03:05:39 UTC
66,2021-07-18 06:56:22 UTC,29.423919,-98.488563,2021-07-18 07:13:16 UTC,2021-07-18 07:26:32 UTC
67,2021-07-18 05:05:08 UTC,29.367063,-98.460333,2021-07-18 05:13:03 UTC,2021-07-18 05:20:22 UTC
68,2021-07-18 02:14:36 UTC,29.467225,-98.678924,2021-07-18 02:22:31 UTC,2021-07-18 02:47:32 UTC
69,2021-07-08 22:02:22 UTC,29.54867,-98.51016,2021-07-08 22:06:59 UTC,2021-07-08 22:25:34 UTC
70,2021-07-08 03:22:18 UTC,29.62636,-98.61093,2021-07-08 03:25:58 UTC,2021-07-08 03:37:43 UTC
71,2021-07-08 04:32:23 UTC,29.547326,-98.564765,2021-07-08 04:50:36 UTC,2021-07-08 05:04:22 UTC
72,2021-07-08 05:05:13 UTC,29.58033,-98.47636,2021-07-08 05:13:14 UTC,2021-07-08 05:37:56 UTC
73,2021-07-08 02:08:43 UTC,29.478523,-98.6579,,
74,2021-07-08 03:02:03 UTC,29.57516,-98.596,2021-07-08 03:08:50 UTC,2021-07-08 03:18:13 UTC
75,2021-07-08 20:10:23 UTC,29.4514,-98.68311,2021-07-08 20:17:26 UTC,2021-07-08 20:49:49 UTC
76,2021-07-21 20:49:20 UTC,29.516071000000004,-98.464812,2021-07-21 21:02:57 UTC,2021-07-21 21:21:20 UTC
77,2021-07-21 19:13:49 UTC,29.4989,-98.702633,2021-07-21 19:19:27 UTC,2021-07-21 19:43:55 UTC
78,2021-07-29 01:21:36 UTC,29.45121,-98.68341,2021-07-29 01:30:11 UTC,
79,2021-07-15 22:42:21 UTC,29.466085,-98.621948,2021-07-15 22:57:52 UTC,2021-07-15 23:18:31 UTC
80,2021-07-15 19:11:33 UTC,29.43748,-98.68138,2021-07-15 19:17:38 UTC,2021-07-15 19:26:18 UTC
81,2021-07-15 23:46:00 UTC,29.421653000000003,-98.478408,2021-07-15 23:50:07 UTC,2021-07-16 00:00:31 UTC
82,2021-07-15 21:53:37 UTC,29.355743,-98.481239,2021-07-15 22:05:27 UTC,2021-07-15 22:28:47 UTC
83,2021-07-15 20:30:33 UTC,29.55074,-98.57255,2021-07-15 20:32:40 UTC,2021-07-15 21:02:05 UTC
84,2021-07-15 19:52:15 UTC,29.51136,-98.63093,2021-07-15 19:57:43 UTC,2021-07-15 20:22:49 UTC
85,2021-07-12 19:35:59 UTC,29.5673,-98.59249,2021-07-12 19:41:53 UTC,2021-07-12 19:59:55 UTC
86,2021-07-12 23:52:42 UTC,29.52356,-98.47625,2021-07-12 23:54:54 UTC,2021-07-13 00:11:24 UTC
87,2021-07-12 00:22:41 UTC,29.52318,-98.47631,2021-07-12 00:25:09 UTC,2021-07-12 00:36:44 UTC
88,2021-07-12 22:14:18 UTC,29.52668,-98.47233,2021-07-12 22:17:05 UTC,2021-07-12 22:30:46 UTC
89,2021-07-11 19:40:21 UTC,29.520036,-98.296768,2021-07-11 19:53:31 UTC,2021-07-11 20:24:14 UTC
90,2021-07-24 19:34:25 UTC,29.436771000000004,-98.654452,2021-07-24 19:39:04 UTC,2021-07-24 19:47:38 UTC
91,2021-07-24 04:54:24 UTC,29.386067,-98.478864,2021-07-24 04:59:03 UTC,2021-07-24 05:07:33 UTC
92,2021-07-24 20:02:30 UTC,29.448456,-98.687344,2021-07-24 20:08:23 UTC,2021-07-24 20:14:39 UTC
93,2021-07-19 02:26:13 UTC,29.552122,-98.585746,2021-07-19 02:33:44 UTC,2021-07-19 02:39:30 UTC
94,2021-07-09 00:12:49 UTC,29.43901,-98.45054,2021-07-09 00:21:36 UTC,2021-07-09 00:33:02 UTC
95,2021-07-09 01:54:29 UTC,29.42029,-98.49723,2021-07-09 01:57:38 UTC,2021-07-09 02:05:51 UTC
96,2021-07-03 18:27:30 UTC,29.450117,-98.421943,2021-07-03 18:43:00 UTC,2021-07-03 19:06:16 UTC
97,2021-07-03 16:21:23 UTC,29.487241,-98.544285,2021-07-03 16:24:38 UTC,2021-07-03 16:40:36 UTC
98,2021-07-03 18:17:31 UTC,29.4386,-98.45044,2021-07-03 18:24:42 UTC,2021-07-03 18:36:16 UTC
99,2021-07-09 02:13:14 UTC,29.420540000000003,-98.47367,2021-07-09 02:16:15 UTC,2021-07-09 02:20:48 UTC
100,2021-07-09 03:13:05 UTC,29.38427,-98.44866,2021-07-09 03:24:42 UTC,2021-07-09 03:31:52 UTC
101,2021-07-09 01:15:49 UTC,29.424090000000003,-98.49164,2021-07-09 01:19:45 UTC,2021-07-09 01:31:14 UTC
102,2021-07-19 05:09:57 UTC,29.603536,-98.466454,2021-07-19 05:21:56 UTC,2021-07-19 05:36:02 UTC
103,2021-07-13 18:37:58 UTC,29.514,-98.60962,2021-07-13 18:45:39 UTC,2021-07-13 19:01:47 UTC
104,2021-06-29 03:18:23 UTC,29.46289,-98.56779,2021-06-29 03:23:41 UTC,2021-06-29 03:38:38 UTC
105,2021-06-29 05:24:35 UTC,29.51646,-98.55404,2021-06-29 05:32:41 UTC,2021-06-29 05:59:05 UTC
106,2021-06-29 19:11:29 UTC,29.455170000000003,-98.61075,2021-06-29 19:16:59 UTC,2021-06-29 19:41:50 UTC
107,2021-06-29 03:01:57 UTC,29.49503,-98.55085,2021-06-29 03:07:18 UTC,2021-06-29 03:17:43 UTC
108,2021-06-29 21:04:06 UTC,29.51739,-98.55337,2021-06-29 21:07:52 UTC,2021-06-29 21:28:38 UTC
109,2021-06-29 02:13:37 UTC,29.483648,-98.482223,2021-06-29 02:20:57 UTC,2021-06-29 02:38:45 UTC
110,2021-07-21 19:54:27 UTC,29.531236,-98.562795,2021-07-21 20:02:53 UTC,2021-07-21 20:18:56 UTC
111,2021-07-28 22:25:14 UTC,29.490091,-98.689651,2021-07-28 22:34:37 UTC,2021-07-28 22:50:06 UTC
112,2021-07-28 21:46:58 UTC,29.466391,-98.619112,2021-07-28 21:52:07 UTC,2021-07-28 22:08:44 UTC
113,2021-07-28 20:30:46 UTC,29.451678,-98.682769,2021-07-28 20:34:29 UTC,2021-07-28 20:57:45 UTC
114,2021-07-16 00:30:09 UTC,29.37639,-98.45301,2021-07-16 00:40:08 UTC,2021-07-16 00:45:34 UTC
115,2021-07-04 18:02:12 UTC,29.589540000000003,-98.606887,2021-07-04 18:11:05 UTC,2021-07-04 18:29:54 UTC
116,2021-07-04 17:12:38 UTC,29.44703,-98.63641,2021-07-04 17:18:18 UTC,2021-07-04 17:20:29 UTC
117,2021-07-04 17:20:59 UTC,29.409740000000003,-98.65052,2021-07-04 17:31:37 UTC,2021-07-04 17:51:46 UTC
118,2021-07-04 01:23:45 UTC,29.43828,-98.47865,2021-07-04 01:25:40 UTC,2021-07-04 01:42:31 UTC
119,2021-07-11 00:40:35 UTC,29.52359,-98.47625,2021-07-11 00:42:47 UTC,2021-07-11 01:02:27 UTC
120,2021-07-18 18:25:38 UTC,29.507336,-98.573442,2021-07-18 18:32:02 UTC,2021-07-18 18:42:19 UTC
121,2021-07-18 06:48:52 UTC,29.402852000000003,-98.459372,2021-07-18 06:55:21 UTC,2021-07-18 07:04:02 UTC
122,2021-07-18 18:38:41 UTC,29.510087,-98.566497,2021-07-18 18:44:24 UTC,2021-07-18 18:55:39 UTC
123,2021-07-18 17:42:53 UTC,29.375542,-98.735006,2021-07-18 17:51:13 UTC,2021-07-18 18:08:26 UTC
124,2021-07-02 20:46:59 UTC,29.44217,-98.66179,2021-07-02 20:51:33 UTC,2021-07-02 21:00:23 UTC
125,2021-07-17 15:40:15 UTC,29.4507,-98.68323,2021-07-17 15:51:44 UTC,2021-07-17 16:03:09 UTC
126,2021-07-17 16:50:36 UTC,29.527653000000004,-98.393015,2021-07-17 17:04:03 UTC,2021-07-17 17:22:39 UTC
127,2021-07-17 18:25:49 UTC,29.523788,-98.476815,2021-07-17 18:31:07 UTC,2021-07-17 18:43:49 UTC
128,2021-07-11 23:02:32 UTC,29.52001,-98.48144,2021-07-11 23:09:24 UTC,2021-07-11 23:18:35 UTC
129,2021-07-11 18:19:16 UTC,29.48916,-98.62218,2021-07-11 18:23:08 UTC,2021-07-11 18:31:03 UTC
130,2021-07-11 18:37:33 UTC,29.4711,-98.62142,2021-07-11 18:44:59 UTC,2021-07-11 19:21:39 UTC
131,2021-07-27 19:04:17 UTC,29.520544,-98.50854,2021-07-27 19:11:09 UTC,2021-07-27 19:19:06 UTC
132,2021-07-02 19:16:56 UTC,29.43147,-98.68611,2021-07-02 19:24:30 UTC,2021-07-02 19:29:25 UTC
133,2021-07-02 23:51:24 UTC,29.42075,-98.49804,2021-07-02 23:57:29 UTC,2021-07-03 00:19:44 UTC
134,2021-07-02 21:00:59 UTC,29.44449,-98.70382,2021-07-02 21:05:49 UTC,2021-07-02 21:13:46 UTC
135,2021-07-02 04:12:27 UTC,29.515626,-98.41632,2021-07-02 04:21:17 UTC,2021-07-02 04:30:44 UTC
136,2021-07-02 03:57:27 UTC,29.519444,-98.476915,,
137,2021-07-02 18:47:34 UTC,29.40288,-98.55675,2021-07-02 18:55:00 UTC,2021-07-02 19:04:33 UTC
138,2021-07-02 18:04:27 UTC,29.39595,-98.649589,2021-07-02 18:16:00 UTC,2021-07-02 18:22:34 UTC
139,2021-07-08 04:16:40 UTC,29.557616,-98.589177,2021-07-08 04:22:22 UTC,2021-07-08 04:30:23 UTC
140,2021-07-08 05:28:51 UTC,29.527446,-98.477111,2021-07-08 05:46:57 UTC,2021-07-08 06:03:00 UTC
141,2021-07-08 20:57:56 UTC,29.43608,-98.49454,2021-07-08 21:01:30 UTC,2021-07-08 21:15:05 UTC
142,2021-07-08 22:55:44 UTC,29.490566,-98.440361,2021-07-08 23:01:57 UTC,2021-07-08 23:17:02 UTC
143,2021-07-08 03:55:38 UTC,29.592756,-98.625223,2021-07-08 03:57:50 UTC,2021-07-08 04:06:34 UTC
144,2021-07-08 21:15:54 UTC,29.52768,-98.47317,2021-07-08 21:19:08 UTC,2021-07-08 21:35:50 UTC
145,2021-07-08 06:41:29 UTC,29.42458,-98.50038,2021-07-08 06:45:36 UTC,2021-07-08 07:08:28 UTC
146,2021-07-08 00:57:35 UTC,29.49081,-98.56766,2021-07-08 01:01:09 UTC,2021-07-08 01:07:19 UTC
147,2021-07-08 03:42:42 UTC,29.588094,-98.618591,2021-07-08 03:46:55 UTC,2021-07-08 03:54:12 UTC
148,2021-07-08 22:39:27 UTC,29.46735,-98.49189,2021-07-08 22:42:04 UTC,2021-07-08 22:56:26 UTC
149,2021-07-08 02:19:17 UTC,29.516881,-98.657686,2021-07-08 02:25:41 UTC,2021-07-08 02:40:43 UTC
150,2021-07-01 20:04:42 UTC,29.62329,-98.464,2021-07-01 20:08:34 UTC,2021-07-01 20:34:51 UTC
151,2021-07-01 22:18:32 UTC,29.489683000000003,-98.577699,2021-07-01 22:25:23 UTC,2021-07-01 22:39:28 UTC
152,2021-07-01 18:54:53 UTC,29.485279,-98.603902,2021-07-01 19:01:39 UTC,2021-07-01 19:28:09 UTC
153,2021-07-01 23:23:43 UTC,29.42883,-98.64886,2021-07-01 23:39:20 UTC,2021-07-01 23:56:43 UTC
154,2021-07-27 19:50:31 UTC,29.350633,-98.525982,2021-07-27 19:53:18 UTC,2021-07-27 19:57:55 UTC
155,2021-07-27 22:07:05 UTC,29.495873,-98.534986,2021-07-27 22:10:06 UTC,2021-07-27 22:40:29 UTC
156,2021-07-27 18:39:33 UTC,29.494456,-98.617682,2021-07-27 18:44:43 UTC,2021-07-27 18:55:16 UTC
157,2021-07-27 23:38:28 UTC,29.489616,-98.577231,2021-07-27 23:47:03 UTC,2021-07-27 23:54:46 UTC
158,2021-07-27 21:56:24 UTC,29.487425,-98.525612,2021-07-27 22:01:11 UTC,2021-07-27 22:03:17 UTC
159,2021-07-09 00:54:33 UTC,29.50448,-98.49048,2021-07-09 00:57:44 UTC,2021-07-09 01:11:39 UTC
160,2021-07-09 00:41:38 UTC,29.5056,-98.45875,2021-07-09 00:46:19 UTC,2021-07-09 00:53:35 UTC
161,2021-07-25 01:53:59 UTC,29.437005,-98.654392,2021-07-25 01:59:55 UTC,2021-07-25 02:23:14 UTC
162,2021-07-25 02:19:08 UTC,29.488555,-98.507835,2021-07-25 02:25:19 UTC,2021-07-25 02:39:48 UTC
163,2021-07-16 00:47:18 UTC,29.43259,-98.48699,2021-07-16 00:51:34 UTC,2021-07-16 00:58:49 UTC
164,2021-07-12 18:40:07 UTC,29.52353,-98.47629,2021-07-12 18:43:15 UTC,2021-07-12 18:54:15 UTC
165,2021-07-12 20:29:39 UTC,29.49673,-98.47872,2021-07-12 20:31:56 UTC,2021-07-12 20:37:08 UTC
166,2021-07-12 21:56:12 UTC,29.46429,-98.62049,2021-07-12 22:04:26 UTC,2021-07-12 22:13:58 UTC
167,2021-07-12 21:16:41 UTC,29.49866,-98.62344,2021-07-12 21:23:52 UTC,2021-07-12 21:29:33 UTC
168,2021-07-12 17:23:47 UTC,29.455045,-98.743736,2021-07-12 17:40:28 UTC,2021-07-12 17:54:14 UTC
169,2021-07-12 16:51:27 UTC,29.43581,-98.6911,2021-07-12 16:56:07 UTC,2021-07-12 17:03:38 UTC
170,2021-07-12 00:46:45 UTC,29.54068,-98.49233,2021-07-12 00:50:24 UTC,2021-07-12 01:01:21 UTC
171,2021-07-12 17:13:16 UTC,29.42155,-98.7684,2021-07-12 17:23:44 UTC,2021-07-12 17:37:35 UTC
172,2021-07-12 21:36:12 UTC,29.46755,-98.62365,2021-07-12 21:41:15 UTC,2021-07-12 21:50:07 UTC
173,2021-07-24 04:17:54 UTC,29.46534,-98.51626,2021-07-24 04:24:03 UTC,2021-07-24 04:37:47 UTC
174,2021-07-24 02:11:44 UTC,29.45165,-98.68238,2021-07-24 02:24:16 UTC,2021-07-24 02:50:20 UTC
175,2021-07-24 05:24:14 UTC,29.411178000000003,-98.487996,,
176,2021-07-08 01:52:22 UTC,29.483939000000003,-98.605802,2021-07-08 01:55:11 UTC,2021-07-08 02:03:51 UTC
177,2021-07-08 21:47:22 UTC,29.55446,-98.53777,2021-07-08 21:55:33 UTC,2021-07-08 22:00:29 UTC
178,2021-07-08 01:49:01 UTC,29.487599,-98.608716,,
179,2021-07-08 01:13:49 UTC,29.53285,-98.56757,2021-07-08 01:16:04 UTC,2021-07-08 01:21:55 UTC
180,2021-07-08 00:03:45 UTC,29.51929,-98.60425,2021-07-08 00:09:25 UTC,2021-07-08 00:30:04 UTC
181,2021-07-08 07:12:44 UTC,29.496655,-98.392513,2021-07-08 07:19:23 UTC,2021-07-08 07:36:13 UTC
182,2021-07-08 06:06:24 UTC,29.39336,-98.48106,2021-07-08 06:11:37 UTC,2021-07-08 06:34:29 UTC
183,2021-07-24 05:39:58 UTC,29.4146,-98.481224,2021-07-24 05:44:25 UTC,2021-07-24 05:56:02 UTC
184,2021-07-24 03:42:39 UTC,29.547446,-98.589078,2021-07-24 03:49:28 UTC,2021-07-24 03:58:18 UTC
185,2021-07-24 19:49:39 UTC,29.436171,-98.649043,2021-07-24 19:54:44 UTC,2021-07-24 20:01:40 UTC
186,2021-07-24 03:04:44 UTC,29.424136,-98.495364,2021-07-24 03:07:44 UTC,2021-07-24 03:38:55 UTC
187,2021-07-24 04:00:39 UTC,29.517073,-98.464225,2021-07-24 04:03:51 UTC,2021-07-24 04:15:26 UTC
188,2021-07-28 20:58:54 UTC,29.520821999999995,-98.590597,2021-07-28 21:04:06 UTC,2021-07-28 21:23:05 UTC
189,2021-07-19 04:42:30 UTC,29.566545,-98.488426,2021-07-19 04:52:15 UTC,2021-07-19 05:04:54 UTC
190,2021-07-19 01:44:29 UTC,29.450581,-98.684303,2021-07-19 01:54:07 UTC,2021-07-19 02:05:13 UTC
191,2021-07-19 03:37:14 UTC,29.42536,-98.49801,2021-07-19 03:42:12 UTC,2021-07-19 03:46:21 UTC
192,2021-06-29 20:27:46 UTC,29.514608000000003,-98.506805,2021-06-29 20:34:03 UTC,2021-06-29 20:47:40 UTC
193,2021-06-29 04:45:37 UTC,29.440340000000003,-98.50997,2021-06-29 04:50:47 UTC,2021-06-29 04:55:39 UTC
194,2021-06-29 19:02:12 UTC,29.44943,-98.63284,2021-06-29 19:06:47 UTC,2021-06-29 19:10:08 UTC
195,2021-06-29 04:17:54 UTC,29.50257,-98.58165,,
196,2021-06-29 02:03:40 UTC,29.52362,-98.476268,2021-06-29 02:06:59 UTC,2021-06-29 02:18:42 UTC
197,2021-06-29 04:57:20 UTC,29.43392,-98.49882,2021-06-29 05:03:23 UTC,2021-06-29 05:15:42 UTC
198,2021-06-29 03:53:27 UTC,29.440620000000003,-98.49505,2021-06-29 03:57:31 UTC,2021-06-29 04:15:26 UTC
199,2021-07-19 04:17:32 UTC,29.57909,-98.51549,2021-07-19 04:26:29 UTC,2021-07-19 04:43:06 UTC
200,2021-07-19 02:47:43 UTC,29.526796,-98.557843,2021-07-19 02:54:03 UTC,2021-07-19 03:08:55 UTC
201,2021-07-19 03:13:24 UTC,29.43562,-98.495844,2021-07-19 03:17:27 UTC,2021-07-19 03:32:24 UTC
202,2021-07-19 02:11:08 UTC,29.484493,-98.627188,2021-07-19 02:17:08 UTC,2021-07-19 02:29:19 UTC
203,2021-07-19 03:51:23 UTC,29.42345,-98.49824,2021-07-19 03:53:57 UTC,2021-07-19 04:15:22 UTC
204,2021-07-17 19:39:03 UTC,29.522761,-98.47635,2021-07-17 19:41:50 UTC,2021-07-17 19:54:29 UTC
205,2021-07-17 20:38:53 UTC,29.523196,-98.476259,2021-07-17 20:42:24 UTC,2021-07-17 21:05:47 UTC
206,2021-07-17 19:01:16 UTC,29.495594,-98.429795,2021-07-17 19:08:13 UTC,2021-07-17 19:12:38 UTC
207,2021-07-17 19:55:56 UTC,29.42152,-98.477683,2021-07-17 20:03:45 UTC,2021-07-17 20:13:06 UTC
208,2021-07-17 21:48:17 UTC,29.56424,-98.48135,2021-07-17 21:58:04 UTC,2021-07-17 22:07:50 UTC
209,2021-07-17 17:23:01 UTC,29.526333,-98.472203,2021-07-17 17:26:22 UTC,2021-07-17 17:37:27 UTC
210,2021-07-02 04:37:37 UTC,29.515597,-98.403057,2021-07-02 04:47:04 UTC,2021-07-02 05:07:13 UTC
211,2021-07-02 20:06:35 UTC,29.44642,-98.67511,2021-07-02 20:12:45 UTC,2021-07-02 20:27:42 UTC
212,2021-07-02 02:58:26 UTC,29.42783,-98.49441,2021-07-02 03:01:50 UTC,2021-07-02 03:14:16 UTC
213,2021-07-02 01:59:46 UTC,29.4506,-98.68431,2021-07-02 02:08:16 UTC,2021-07-02 02:16:40 UTC
214,2021-07-11 20:40:37 UTC,29.52355,-98.47627,2021-07-11 20:44:06 UTC,2021-07-11 20:55:03 UTC
215,2021-07-11 22:00:22 UTC,29.46183,-98.6226,2021-07-11 22:06:43 UTC,2021-07-11 22:25:05 UTC
216,2021-07-11 19:22:46 UTC,29.48365,-98.30548,2021-07-11 19:29:47 UTC,2021-07-11 19:42:38 UTC
217,2021-07-18 06:22:04 UTC,29.45409,-98.51574,2021-07-18 06:30:24 UTC,2021-07-18 06:46:16 UTC
218,2021-07-18 06:21:18 UTC,29.457456,-98.516075,,
219,2021-07-18 03:44:05 UTC,29.493735,-98.330159,2021-07-18 03:51:04 UTC,2021-07-18 04:08:53 UTC
220,2021-07-18 03:07:54 UTC,29.459708000000003,-98.401689,2021-07-18 03:18:41 UTC,2021-07-18 03:40:51 UTC
221,2021-07-18 18:09:49 UTC,29.52006,-98.49172,2021-07-18 18:15:55 UTC,2021-07-18 18:24:47 UTC
222,2021-07-18 19:01:56 UTC,29.566549,-98.595054,2021-07-18 19:10:59 UTC,2021-07-18 19:45:15 UTC
223,2021-07-18 07:14:30 UTC,29.452503000000004,-98.484939,,
224,2021-07-18 04:10:49 UTC,29.456413,-98.419711,2021-07-18 04:26:07 UTC,2021-07-18 04:41:02 UTC
225,2021-07-25 03:24:07 UTC,29.416772,-98.631206,2021-07-25 03:33:45 UTC,2021-07-25 03:44:17 UTC
226,2021-07-25 02:55:42 UTC,29.521406,-98.579853,2021-07-25 03:03:08 UTC,2021-07-25 03:23:14 UTC
227,2021-07-25 03:48:21 UTC,29.466193,-98.619404,2021-07-25 04:01:01 UTC,2021-07-25 04:23:03 UTC
228,2021-07-01 18:04:34 UTC,29.40958,-98.59965,2021-07-01 18:12:45 UTC,2021-07-01 18:29:49 UTC
229,2021-07-01 17:40:02 UTC,29.49478,-98.61826,2021-07-01 17:48:37 UTC,2021-07-01 18:03:35 UTC
230,2021-07-01 23:02:52 UTC,29.477071,-98.608742,2021-07-01 23:15:43 UTC,2021-07-01 23:21:06 UTC
231,2021-07-01 22:48:47 UTC,29.48991,-98.57772,2021-07-01 22:52:19 UTC,2021-07-01 22:57:54 UTC
232,2021-07-01 21:01:07 UTC,29.425,-98.47927,2021-07-01 21:06:16 UTC,2021-07-01 21:14:26 UTC
233,2021-07-01 20:41:36 UTC,29.42475,-98.50206,2021-07-01 20:48:19 UTC,2021-07-01 20:55:30 UTC
234,2021-07-16 01:05:09 UTC,29.42988,-98.4792,2021-07-16 01:08:59 UTC,2021-07-16 01:13:43 UTC
235,2021-07-04 18:36:25 UTC,29.50326,-98.72892,2021-07-04 18:40:30 UTC,2021-07-04 18:46:14 UTC
236,2021-07-04 16:57:39 UTC,29.4799,-98.60658,2021-07-04 17:03:22 UTC,2021-07-04 17:09:56 UTC
237,2021-07-04 02:01:14 UTC,29.41346,-98.5037,2021-07-04 02:11:57 UTC,2021-07-04 02:50:15 UTC
238,2021-07-27 22:55:06 UTC,29.4045,-98.47322,,
239,2021-07-03 22:25:58 UTC,29.43875,-98.45765,2021-07-03 22:44:17 UTC,2021-07-03 23:03:02 UTC
240,2021-07-03 19:42:15 UTC,29.42387,-98.48862,2021-07-03 19:46:23 UTC,2021-07-03 19:56:34 UTC
241,2021-07-03 23:37:53 UTC,29.4249,-98.49148,2021-07-03 23:40:46 UTC,2021-07-03 23:59:13 UTC
242,2021-07-07 20:48:48 UTC,29.43832,-98.67822,2021-07-07 20:55:57 UTC,2021-07-07 21:00:28 UTC
243,2021-07-07 20:37:22 UTC,29.435304,-98.712776,,
244,2021-07-23 17:50:02 UTC,29.544605,-98.657569,2021-07-23 18:07:43 UTC,2021-07-23 18:31:07 UTC
245,2021-07-23 19:40:08 UTC,29.50785,-98.434861,2021-07-23 19:44:24 UTC,2021-07-23 19:48:01 UTC
246,2021-07-10 18:31:44 UTC,29.49048,-98.70955,2021-07-10 18:40:13 UTC,2021-07-10 18:48:52 UTC
247,2021-07-10 19:30:45 UTC,29.4797,-98.6739,2021-07-10 19:32:56 UTC,2021-07-10 19:58:09 UTC
248,2021-07-10 19:06:51 UTC,29.481081,-98.603271,2021-07-10 19:13:21 UTC,2021-07-10 19:29:44 UTC
249,2021-07-10 23:12:03 UTC,29.52354,-98.47627,2021-07-10 23:13:56 UTC,2021-07-10 23:24:07 UTC
250,2021-07-02 22:50:45 UTC,29.39101,-98.56083,2021-07-02 22:56:14 UTC,2021-07-02 23:06:08 UTC
251,2021-07-02 23:30:23 UTC,29.4267,-98.48619,2021-07-02 23:32:12 UTC,2021-07-02 23:42:38 UTC
252,2021-07-02 05:02:29 UTC,29.438493,-98.473487,2021-07-02 05:10:54 UTC,2021-07-02 05:35:13 UTC
253,2021-07-02 02:26:30 UTC,29.40656,-98.57647,2021-07-02 02:33:03 UTC,2021-07-02 02:45:09 UTC
254,2021-06-29 20:01:11 UTC,29.51266,-98.56989,2021-06-29 20:06:15 UTC,2021-06-29 20:28:26 UTC
255,2021-07-02 22:14:14 UTC,29.5547,-98.58759,2021-07-02 22:19:38 UTC,2021-07-02 22:50:05 UTC
256,2021-07-02 17:38:34 UTC,29.434890000000003,-98.690844,2021-07-02 17:44:13 UTC,2021-07-02 17:52:30 UTC
257,2021-07-02 19:28:29 UTC,29.445337,-98.731018,2021-07-02 19:50:14 UTC,2021-07-02 20:00:48 UTC
258,2021-07-02 03:18:25 UTC,29.403640000000003,-98.5624,2021-07-02 03:23:15 UTC,2021-07-02 03:31:26 UTC
259,2021-07-02 17:44:20 UTC,29.448457,-98.6874,2021-07-02 17:58:18 UTC,2021-07-02 18:10:07 UTC
260,2021-07-02 18:31:00 UTC,29.396539,-98.651479,,
261,2021-07-02 21:28:05 UTC,29.4885,-98.70834,2021-07-02 21:30:28 UTC,2021-07-02 21:57:23 UTC
262,2021-07-13 19:01:57 UTC,29.58525,-98.62134,2021-07-13 19:06:49 UTC,2021-07-13 19:20:48 UTC
263,2021-07-13 22:16:25 UTC,29.52315,-98.47663,2021-07-13 22:31:36 UTC,2021-07-13 22:49:12 UTC
264,2021-07-13 19:52:36 UTC,29.5566,-98.66707,2021-07-13 19:58:19 UTC,2021-07-13 20:11:55 UTC
265,2021-07-13 22:52:58 UTC,29.55292,-98.5021,2021-07-13 22:59:01 UTC,2021-07-13 23:15:13 UTC
266,2021-07-17 21:47:16 UTC,29.561262,-98.477717,,
267,2021-07-04 16:20:54 UTC,29.44909,-98.68516,2021-07-04 16:31:09 UTC,2021-07-04 16:39:16 UTC
268,2021-07-04 01:42:44 UTC,29.41648,-98.48984,2021-07-04 01:45:28 UTC,2021-07-04 01:55:14 UTC
269,2021-07-04 02:53:46 UTC,29.36379,-98.4346,2021-07-04 02:57:15 UTC,2021-07-04 03:10:53 UTC
270,2021-07-04 17:53:52 UTC,29.539228,-98.569755,2021-07-04 17:59:26 UTC,2021-07-04 18:05:16 UTC
271,2021-07-04 16:31:51 UTC,29.466592,-98.650268,2021-07-04 16:50:41 UTC,2021-07-04 16:56:40 UTC
272,2021-07-04 00:01:36 UTC,29.443773,-98.478124,2021-07-04 00:05:58 UTC,2021-07-04 00:11:20 UTC
273,2021-07-11 20:57:42 UTC,29.45488,-98.49936,2021-07-11 21:05:48 UTC,2021-07-11 21:13:18 UTC
274,2021-07-11 21:15:26 UTC,29.52,-98.50178,2021-07-11 21:21:47 UTC,2021-07-11 21:45:21 UTC
275,2021-07-11 22:27:34 UTC,29.43927,-98.48854,2021-07-11 22:38:11 UTC,
276,2021-07-08 01:27:15 UTC,29.532090000000004,-98.57627,2021-07-08 01:33:11 UTC,2021-07-08 01:41:13 UTC
277,2021-07-08 00:31:22 UTC,29.42688,-98.48589,2021-07-08 00:34:31 UTC,2021-07-08 00:50:20 UTC
