start_time,duration,start_lat,start_lng,end_lat,end_lng
2021-07-09 03:52:19 UTC,0.255278,29.514425,-98.47729,29.44496,-98.66586
2021-07-09 04:10:46 UTC,0.000833,29.451204999999998,-98.682626,29.450522999999997,-98.682241
2021-07-09 03:35:47 UTC,0.2725,29.421646000000003,-98.409941,29.516501,-98.47829200000001
2021-09-12 00:00:01 UTC,1.829444,29.450375,-98.682192,29.428354,-98.489735
2021-09-12 01:56:39 UTC,2.450556,29.433777000000003,-98.48589,29.551222999999997,-98.565106
2021-09-12 04:34:28 UTC,0.247222,29.548414,-98.575618,29.539828000000004,-98.552984
2021-10-06 03:33:21 UTC,1.591389,29.441325,-98.485787,29.52137,-98.476324
2021-10-06 05:14:18 UTC,0.471944,29.521171999999996,-98.476294,29.368621,-98.468168
2021-10-06 19:45:19 UTC,0.111389,29.435432000000002,-98.690472,29.442738000000002,-98.664464
2021-10-06 19:57:08 UTC,0.016667,29.442738000000002,-98.664464,29.442025,-98.66354799999999
2021-10-06 20:10:27 UTC,3.854167,29.442051,-98.663622,29.44465,-98.663113
2021-07-04 01:20:32 UTC,1.843333,29.443496999999997,-98.479235,29.393139,-98.40429499999999
2021-07-04 03:11:19 UTC,0.369444,29.393139,-98.404294,29.444792,-98.66533199999999
2021-07-04 16:20:23 UTC,2.160278,29.449076,-98.68515699999999,29.517458,-98.753349
2021-07-04 18:32:08 UTC,0.750278,29.517276000000003,-98.753026,29.462616999999998,-98.69051400000001
2021-08-23 21:16:51 UTC,3.067778,29.555795,-98.347595,29.311014,-98.395615
2021-08-23 18:09:18 UTC,2.085,29.534740999999997,-98.681365,29.701464,-98.124848
2021-08-23 17:06:06 UTC,0.885556,29.504556,-98.61756899999999,29.53215,-98.683295
2021-09-07 17:41:06 UTC,4.685278,29.436665,-98.710151,29.425078000000003,-98.478505
2022-01-30 01:30:42 UTC,0.029444,29.442742,-98.489244,29.437346999999995,-98.482591
2022-01-30 01:15:44 UTC,0.144167,29.442653999999997,-98.493954,29.442745000000002,-98.490088
2022-01-30 01:14:44 UTC,0.016389,29.442629999999998,-98.4939,29.442653999999997,-98.493954
2022-01-30 21:13:08 UTC,1.988056,29.602107,-98.534364,29.505740999999997,-98.54722199999999
2022-01-30 19:44:49 UTC,1.442778,29.434486,-98.690797,29.60156,-98.538122
2022-01-30 06:26:06 UTC,2.562778,29.428299,-98.525389,29.37422,-98.718634
2022-01-30 04:21:45 UTC,2.017222,29.429959999999998,-98.500989,29.428766999999997,-98.52563599999999
2022-01-30 03:45:10 UTC,0.557222,29.436771999999998,-98.481889,29.417483,-98.500764
2021-07-15 19:07:10 UTC,4.195,29.435634999999998,-98.69139200000001,29.424589,-98.48889399999999
2021-07-15 23:30:19 UTC,0.506111,29.424676,-98.488913,29.377638,-98.458772
2021-11-18 20:51:36 UTC,2.791944,29.38022,-98.637474,29.468992,-98.598618
2021-11-18 20:28:55 UTC,0.364722,29.416895,-98.677778,29.381109000000002,-98.638372
2021-11-18 04:01:55 UTC,3.338889,29.523058000000002,-98.476344,29.424784000000002,-98.66736800000001
2021-11-18 02:47:41 UTC,1.034722,29.488507000000002,-98.70602099999999,29.520575,-98.51052800000001
2021-11-18 02:22:48 UTC,0.118333,29.489936,-98.705967,29.488415000000003,-98.705854
2021-11-18 01:30:28 UTC,0.770833,29.534631,-98.563761,29.489427000000003,-98.706273
2021-07-13 23:18:48 UTC,0.330833,29.565448999999997,-98.58773599999999,29.444865999999998,-98.665686
2021-07-13 20:58:03 UTC,2.286667,29.459514000000002,-98.665413,29.565739,-98.58755
2021-07-13 18:33:46 UTC,2.128611,29.523636,-98.59912299999999,29.458665000000003,-98.663841
2021-07-13 15:55:45 UTC,0.859722,29.450651,-98.68342,29.523996999999998,-98.60092
2021-07-13 02:43:55 UTC,0.375,29.521539,-98.48455200000001,29.436021000000004,-98.687057
2021-10-07 20:39:26 UTC,0.001111,29.495784000000004,-98.620952,29.495784000000004,-98.620952
2021-10-07 21:02:15 UTC,3.438889,29.491534,-98.611887,29.357888,-98.53647099999999
2021-11-23 20:28:44 UTC,3.205278,29.450503,-98.68176700000001,29.648096000000002,-98.463542
2021-11-23 23:59:34 UTC,1.768611,29.648266999999997,-98.449683,30.22617,-97.744656
2021-11-24 21:06:33 UTC,3.081944,29.437976000000003,-98.649732,29.453359000000003,-98.487712
2021-11-24 20:12:42 UTC,0.847222,29.436422999999998,-98.686782,29.43869,-98.648957
2021-11-24 05:33:44 UTC,2.625,29.495533000000002,-98.55448299999999,29.538331,-98.382203
2021-11-24 02:31:43 UTC,2.73,29.799028999999997,-98.017611,29.503814000000002,-98.562562
2021-11-24 02:27:17 UTC,0.073889,29.84817,-97.96298399999999,29.799028999999997,-98.017611
2021-11-24 01:56:45 UTC,0.500278,30.233748,-97.74233000000001,29.854740999999997,-97.955699
2021-11-24 01:45:41 UTC,,30.22617,-97.744656,30.22617,-97.744656
2022-01-15 02:16:59 UTC,2.0825,29.396190999999998,-98.373373,29.420678000000002,-98.4789
2022-01-23 03:50:02 UTC,1.924167,29.521182,-98.476052,29.608295000000002,-98.50791
2022-01-23 05:53:16 UTC,0.374722,29.60795,-98.491915,29.582483,-98.597169
2022-01-23 06:17:39 UTC,1.464167,29.575257,-98.594815,29.578590999999996,-98.586804
2022-01-23 07:45:45 UTC,0.405556,29.578595,-98.586787,29.504702,-98.57170699999999
2022-01-23 00:57:37 UTC,1.4775,29.495253,-98.554277,29.50645,-98.498705
2022-01-23 02:28:52 UTC,1.114722,29.507192,-98.49861800000001,29.521377,-98.476326
2021-12-08 02:54:46 UTC,3.0375,29.522582,-98.47631,29.419914000000002,-98.497311
2021-12-28 02:16:33 UTC,1.736944,29.443906,-98.48804200000001,29.563746999999996,-98.478779
2021-09-17 20:36:13 UTC,2.366111,28.956714,-98.48674100000001,29.426437,-98.49059799999999
2021-09-17 20:23:27 UTC,0.072222,28.928762,-98.529767,28.957081,-98.489511
2021-09-17 01:13:16 UTC,3.330556,29.398283000000003,-98.43745,29.547283,-98.39049
2021-07-08 03:01:45 UTC,3.564722,29.576206,-98.59734399999999,29.440058,-98.523184
2021-07-08 06:35:47 UTC,0.550278,29.439865,-98.523251,29.493496999999998,-98.37322900000001
2021-07-08 07:08:56 UTC,0.688056,29.493682,-98.373195,29.444284999999997,-98.664803
2021-07-08 20:08:02 UTC,3.175278,29.450416999999998,-98.682136,29.509321999999997,-98.383337
2021-07-08 23:54:13 UTC,3.628889,29.515009000000003,-98.395979,29.42162,-98.409368
2022-01-02 04:27:25 UTC,2.005,29.48863,-98.402641,29.515019,-98.563609
2022-01-02 03:06:57 UTC,1.19,29.521074,-98.47618,29.495722999999998,-98.36054399999999
2022-01-02 02:08:44 UTC,0.683056,29.590558,-98.625136,29.530963,-98.485465
2021-07-21 18:44:35 UTC,3.401667,29.435843,-98.691386,29.520713,-98.506468
2022-02-12 23:50:13 UTC,3.068333,29.450526,-98.68205999999999,29.494584999999997,-98.617985
2022-01-07 21:36:29 UTC,3.037222,29.440583,-98.70376,29.394372999999998,-98.690152
2022-01-07 20:22:09 UTC,1.185278,29.435603000000004,-98.691299,29.444458,-98.702512
2022-01-07 04:37:51 UTC,0.140278,29.524652000000003,-98.599992,29.536347999999997,-98.586916
2022-01-07 00:08:16 UTC,4.4675,29.588226000000002,-98.475421,29.523387,-98.60016
2021-12-29 20:22:17 UTC,0.335,29.446831,-98.653808,29.549756,-98.582696
2021-12-29 23:24:09 UTC,3.821111,29.523711,-98.47629599999999,29.424877000000002,-98.420454
2021-12-29 20:57:48 UTC,2.153056,29.549138,-98.582195,29.499888000000002,-98.46749399999999
2021-08-02 18:50:07 UTC,5.204722,29.435692,-98.691328,29.616326,-98.604688
2021-12-04 21:52:10 UTC,4.386667,29.491173,-98.61175899999999,29.426962,-98.480637
2021-12-04 18:06:40 UTC,2.804722,29.537384999999997,-98.584839,29.426644,-98.626023
2022-03-10 21:33:03 UTC,0.178056,29.461563,-98.690837,29.491795,-98.703615
2022-05-02 18:03:19 UTC,2.320833,29.435896999999997,-98.691136,29.525283,-98.476802
2022-05-02 20:23:53 UTC,0.146944,29.522190999999996,-98.476206,29.522174,-98.47614
2022-05-02 20:49:57 UTC,1.997222,29.432578999999997,-98.505756,29.552699,-98.666302
2022-05-02 22:53:13 UTC,0.016111,29.551396,-98.663595,29.552112,-98.66485300000001
2022-05-02 23:06:21 UTC,0.534722,29.543056,-98.658158,29.622553000000003,-98.609505
2022-05-02 23:48:14 UTC,0.640833,29.637944,-98.61657199999999,29.55289,-98.57254
2021-08-25 21:46:35 UTC,3.051111,29.589127,-98.622194,29.402338,-98.51015699999999
2021-08-25 21:06:04 UTC,0.080556,29.531696999999998,-98.496517,29.512040999999996,-98.53458
2021-08-25 21:00:53 UTC,0.083889,29.53756,-98.490436,29.531703999999998,-98.496514
2021-08-25 19:25:50 UTC,1.166389,29.428396000000003,-98.524946,29.443699,-98.477564
2021-08-25 17:09:11 UTC,2.159167,29.435746,-98.691452,29.427946999999996,-98.52425699999999
2022-02-07 23:07:46 UTC,0.925833,29.450498,-98.681725,29.491234000000002,-98.43579799999999
2022-02-07 03:45:41 UTC,0.031389,29.453540999999998,-98.630259,29.439381,-98.64199599999999
2022-02-07 01:47:58 UTC,1.959722,29.522213,-98.476157,29.453537,-98.630263
2022-02-07 01:26:15 UTC,0.192778,29.491203999999996,-98.414843,29.515704,-98.439684
2022-01-06 01:02:24 UTC,5.624167,29.495894,-98.556061,29.724023,-98.067638
2022-01-06 08:36:10 UTC,1.686667,29.531579999999998,-98.563548,29.491234000000002,-98.612085
2022-01-06 10:17:36 UTC,0.035278,29.491234999999996,-98.612086,29.491135999999997,-98.612821
2022-01-06 10:19:43 UTC,0.130833,29.491135999999997,-98.612821,29.441712,-98.662006
2022-01-06 21:07:07 UTC,2.728889,29.491194,-98.61175,29.604282,-98.443744
2022-01-13 23:36:42 UTC,1.745833,29.477947999999998,-98.631854,29.440609999999996,-98.499138
2022-01-13 22:02:47 UTC,1.560278,29.523507000000002,-98.50545600000001,29.477906,-98.63199399999999
2022-01-13 20:44:52 UTC,1.146944,29.521158000000003,-98.47621,29.517657,-98.506217
2022-01-13 19:20:23 UTC,1.294722,29.442073999999998,-98.667645,29.523706,-98.47691
2022-02-10 16:56:20 UTC,3.757222,29.436011999999998,-98.684815,29.469771,-98.499786
2022-02-23 04:15:21 UTC,1.418333,29.519837,-98.474324,29.491525,-98.462731
2022-02-23 17:24:36 UTC,2.384444,29.450696999999998,-98.681979,29.614798999999998,-98.471114
2022-02-23 20:03:45 UTC,2.775556,29.611596000000002,-98.46648499999999,29.361384,-98.533796
2022-02-20 00:30:44 UTC,4.844722,29.435958000000003,-98.49584300000001,29.483096999999997,-98.641707
2022-02-19 21:27:20 UTC,2.373611,29.446371000000003,-98.670565,29.424203000000002,-98.444159
2022-02-19 20:59:29 UTC,0.273611,29.438689,-98.710297,29.446265999999998,-98.675691
2022-02-19 20:53:40 UTC,0.061389,29.385519,-98.700804,29.438705,-98.710279
2022-02-19 19:41:01 UTC,1.063333,29.435691,-98.691261,29.403192999999998,-98.645561
2022-02-19 04:59:27 UTC,0.210278,29.518247,-98.40010600000001,29.469964,-98.61540699999999
2022-02-19 00:39:26 UTC,4.330278,29.436078000000002,-98.69098100000001,29.520476000000002,-98.396906
2021-12-31 23:19:44 UTC,2.263333,29.436496999999996,-98.69006,29.575868,-98.62198599999999
2022-04-20 23:37:06 UTC,0.118611,29.521317,-98.475931,29.52236,-98.476166
2022-04-20 19:23:58 UTC,3.631944,29.450286,-98.683162,29.526398999999998,-98.47216
2022-04-20 17:55:12 UTC,1.244167,29.522340999999997,-98.476124,29.446178999999997,-98.704594
2022-04-20 16:45:15 UTC,0.000833,29.522357,-98.476135,29.522357,-98.476119
2022-04-20 15:53:57 UTC,0.571111,29.435418,-98.690984,29.4246,-98.48889
2022-01-12 14:50:17 UTC,1.956944,29.435778000000003,-98.691128,29.610570000000003,-98.511348
2022-01-12 17:08:49 UTC,0.909722,29.610396,-98.512858,29.613868,-98.597665
2022-01-12 18:10:25 UTC,0.124722,29.613884000000002,-98.597666,29.587408,-98.630115
2022-01-12 18:18:18 UTC,1.487222,29.585609,-98.637091,29.318669,-98.55340600000001
2022-01-12 19:58:03 UTC,1.301667,29.196231,-98.585252,29.468299,-98.46365
2022-01-12 21:30:04 UTC,0.954444,29.467637,-98.463359,29.365754,-98.585335
2022-01-12 22:27:27 UTC,0.262778,29.365755,-98.586606,29.418409999999998,-98.64211999999999
2021-09-10 23:29:33 UTC,0.579167,29.536164000000003,-98.56649300000001,29.218791999999997,-98.416311
2021-09-10 23:28:02 UTC,0.019167,29.536164000000003,-98.56649300000001,29.536164000000003,-98.56649300000001
2021-09-10 20:33:56 UTC,2.889167,29.450466,-98.681822,29.536164000000003,-98.56649300000001
2021-09-10 18:58:23 UTC,1.112222,29.489096000000004,-98.622472,29.47999,-98.704684
2021-09-10 17:45:17 UTC,0.806111,29.491231,-98.611655,29.477784999999997,-98.64455600000001
2022-04-11 17:28:14 UTC,1.641111,29.521001000000002,-98.487475,29.456193,-98.434789
2022-04-11 16:35:36 UTC,0.771111,29.450576,-98.682022,29.523072999999997,-98.476333
2022-04-23 01:16:12 UTC,6.65,29.441729,-98.66677800000001,29.700446999999997,-95.60794
2022-04-30 23:15:04 UTC,1.217778,29.576722999999998,-98.322763,29.422739,-98.480699
2022-04-30 23:07:46 UTC,0.121667,29.63383,-98.223927,29.576722999999998,-98.322763
2022-04-30 23:07:39 UTC,0.000556,29.634408,-98.222801,29.634408,-98.222801
2022-04-30 20:11:19 UTC,2.9275,29.436009000000002,-98.684696,29.639491999999997,-98.212809
2022-04-30 00:58:41 UTC,2.325833,29.433296000000002,-98.47803,29.378446999999998,-98.431264
2021-11-28 21:59:05 UTC,2.523333,29.441694000000002,-98.66682,29.517158000000002,-98.47691999999999
2021-11-28 03:35:52 UTC,2.346667,29.520834999999998,-98.476215,29.506494,-98.413326
2021-11-28 01:39:26 UTC,1.810278,29.436297999999997,-98.483756,29.520432,-98.50262
2021-11-28 01:03:14 UTC,0.524722,29.549806,-98.509908,29.436364,-98.483767
2022-04-21 16:33:02 UTC,1.86,29.450740000000003,-98.68346,29.559649,-98.509763
2022-04-21 18:42:15 UTC,2.826111,29.54917,-98.509843,29.527243,-98.472988
2022-04-14 19:42:57 UTC,0.459722,29.544211999999998,-98.333363,29.509123,-98.567195
2022-04-14 18:49:27 UTC,0.888333,29.523873,-98.476848,29.544213,-98.333384
2022-04-14 17:32:26 UTC,1.183333,29.393659000000003,-98.528869,29.526535,-98.472341
2022-04-14 17:20:55 UTC,0.063889,29.400613,-98.530486,29.394796999999997,-98.532296
2022-04-14 17:13:13 UTC,0.053889,29.406090999999996,-98.560355,29.400416999999997,-98.53053
2022-03-12 23:22:20 UTC,1.795556,29.548533000000003,-98.36423,29.417820000000003,-98.483352
2022-03-12 22:38:43 UTC,0.725,29.650082,-98.19479,29.549117,-98.363188
2022-03-12 22:25:17 UTC,0.054444,29.711976,-98.07553100000001,29.698678,-98.091401
2022-03-12 19:24:57 UTC,2.381944,29.550528000000003,-98.489734,29.69755,-98.090165
2022-03-12 17:14:48 UTC,1.918056,29.435314,-98.690484,29.550259000000004,-98.489839
2022-03-12 02:36:02 UTC,3.875278,29.500140000000002,-98.482136,29.502856,-98.59771500000001
2022-03-12 02:13:28 UTC,0.335833,29.424682,-98.426482,29.466457000000002,-98.473663
2022-03-11 17:21:04 UTC,2.253889,29.435919000000002,-98.691187,29.426475,-98.491732
2022-03-11 19:55:32 UTC,2.853056,29.436158000000002,-98.496119,29.661871,-98.115023
2022-03-11 23:11:49 UTC,2.959722,29.684002000000003,-98.125421,29.424731,-98.426687
2022-03-06 04:04:40 UTC,1.8025,29.475389,-98.38042800000001,29.568184999999996,-98.391648
2022-03-06 02:33:11 UTC,1.1125,29.504802,-98.588625,29.500549,-98.32918599999999
2022-03-28 16:41:13 UTC,1.240833,29.441385999999998,-98.66686,29.494805,-98.540924
2022-03-28 17:55:48 UTC,0.000833,29.494787,-98.540376,29.494787,-98.540376
2022-03-28 18:39:26 UTC,2.181944,29.494774,-98.551859,29.511793,-98.38919200000001
2022-03-28 21:05:55 UTC,1.452778,29.51169,-98.389318,29.609889000000003,-98.598405
2021-10-15 01:24:39 UTC,,29.884581,-97.938783,29.884581,-97.938783
2021-10-15 20:12:46 UTC,0.949167,29.231827000000003,-98.475026,29.387574,-98.511317
2021-10-15 21:11:39 UTC,3.766389,29.38757,-98.511246,29.287679999999998,-98.743959
2022-01-27 17:52:15 UTC,1.822222,29.435668,-98.69153399999999,29.497459999999997,-98.711045
2022-01-27 19:49:29 UTC,0.735833,29.496853,-98.70996,29.520426,-98.498236
2022-01-27 20:37:06 UTC,0.001389,29.523856,-98.476214,29.523604,-98.476153
2022-01-27 20:42:28 UTC,3.4125,29.522346000000002,-98.47614200000001,29.575656,-98.58999200000001
2021-07-12 23:42:48 UTC,0.477778,29.523553999999997,-98.476241,29.519849,-98.57179000000001
2021-07-12 20:24:46 UTC,2.738889,29.505828,-98.45871899999999,29.605342999999998,-98.506362
2021-07-12 16:51:14 UTC,3.344444,29.435785,-98.691378,29.523626,-98.45322
2021-07-12 01:01:55 UTC,0.192222,29.519015999999997,-98.494876,29.444012,-98.66444
2022-03-04 00:58:13 UTC,0.052778,29.425110999999998,-98.44829,29.4386,-98.450447
2022-03-04 01:02:21 UTC,0.503333,29.438595,-98.450439,29.514547999999998,-98.554583
2022-03-04 01:32:39 UTC,0.430833,29.514547999999998,-98.554583,29.444256,-98.637061
2022-01-26 00:39:23 UTC,2.048056,29.429861,-98.74868199999999,29.518287,-98.449811
2022-01-26 02:46:56 UTC,0.000556,29.518141999999997,-98.449232,29.518159000000004,-98.449235
2022-01-26 02:47:04 UTC,0.259722,29.518159000000004,-98.449235,29.44502,-98.665851
2021-08-19 18:33:16 UTC,1.957778,29.435863,-98.69135,29.527055999999998,-98.472662
2021-08-19 20:44:34 UTC,2.061389,29.522734000000003,-98.476179,29.480506,-98.601386
2021-08-19 23:27:17 UTC,3.355833,29.481199,-98.5952,29.505055,-98.550493
2022-03-16 23:45:02 UTC,2.311944,29.474201,-98.348109,29.412482,-98.76523
2022-03-16 21:57:19 UTC,1.498333,29.493133,-98.38456,29.475393,-98.347904
2022-03-16 19:51:34 UTC,2.091111,29.449246999999996,-98.685229,29.493101,-98.384529
2022-06-02 23:55:30 UTC,2.9025,29.450731,-98.682024,29.460275,-98.635927
2022-01-28 00:36:56 UTC,1.239444,29.536387,-98.586955,29.405378999999996,-98.562432
2022-01-28 19:48:02 UTC,2.567778,29.450215000000004,-98.683634,29.576657,-98.60939300000001
2022-01-28 23:21:48 UTC,1.406389,29.537342,-98.584901,29.431368,-98.439449
2021-12-06 23:04:46 UTC,1.668889,29.444465,-98.483154,29.5328,-98.559315
2021-12-06 21:45:47 UTC,1.220278,29.433847999999998,-98.715843,29.444669,-98.482958
2021-12-06 01:05:00 UTC,3.075,29.532158000000003,-98.55833299999999,29.58952,-98.625893
2022-03-15 18:06:08 UTC,0.733056,29.48585,-98.734047,29.487582,-98.666565
2022-03-15 18:59:23 UTC,1.210833,29.487013,-98.668273,29.43013,-98.587119
2022-03-15 20:36:01 UTC,2.630278,29.419043,-98.588774,29.447928000000005,-98.530885
2022-03-31 23:00:49 UTC,2.100556,29.555108,-98.66734100000001,29.523405,-98.47626899999999
2022-03-31 22:58:55 UTC,0.000833,29.555384000000004,-98.66691999999999,29.555384000000004,-98.66691999999999
2022-03-31 20:38:55 UTC,2.026111,29.436627,-98.423073,29.555333,-98.668306
2022-03-31 19:40:41 UTC,0.934722,29.496205,-98.658749,29.437963,-98.42317299999999
2022-03-31 19:01:52 UTC,0.335556,29.484322,-98.603535,29.495565999999997,-98.657251
2022-05-22 03:45:52 UTC,3.856111,29.434734999999996,-98.654359,29.514536,-98.43904599999999
2021-12-07 04:37:41 UTC,0.112778,29.442391999999998,-98.494209,29.396340000000002,-98.516789
2021-12-07 23:53:52 UTC,2.688889,29.494856,-98.550202,29.520568,-98.50362
2021-12-07 00:49:18 UTC,1.653889,29.532604,-98.558489,29.509443,-98.501231
2021-12-07 02:54:45 UTC,1.714722,29.521798999999998,-98.5053,29.442393,-98.494209
2022-03-09 23:24:08 UTC,1.152778,29.522514,-98.47614399999999,29.520719,-98.506718
2022-03-09 18:23:08 UTC,4.592222,29.435917,-98.69123499999999,29.527427000000003,-98.472922
2022-03-09 01:44:44 UTC,2.285833,29.453933000000003,-98.482117,29.573796999999995,-98.59360799999999
2022-03-09 01:27:38 UTC,0.065,29.348903000000004,-98.535049,29.371979,-98.533974
2022-03-26 22:01:14 UTC,0.9125,29.567851,-98.383749,29.514442,-98.54090699999999
2022-03-26 20:06:49 UTC,1.074722,29.435647999999997,-98.69133199999999,29.537075,-98.428165
2022-03-26 06:48:27 UTC,2.1125,29.461808,-98.562881,29.574872999999997,-98.56580600000001
2022-03-26 06:02:51 UTC,0.746944,29.4242,-98.419256,29.462084,-98.562646
2022-03-26 02:00:06 UTC,3.886944,29.450537,-98.682921,29.422458000000002,-98.41973
2022-04-26 19:40:04 UTC,1.799444,29.523543,-98.476427,29.461384999999996,-98.470681
2022-04-26 21:32:36 UTC,2.475556,29.463071999999997,-98.470049,29.467645,-98.36574300000001
2022-04-26 19:35:14 UTC,0.056944,29.523671000000004,-98.476147,29.522223999999998,-98.47613100000001
2022-04-26 18:04:12 UTC,1.438333,29.489188000000002,-98.58751600000001,29.520427,-98.515019
2022-04-26 16:58:40 UTC,0.712778,29.450731,-98.68199200000001,29.489590000000003,-98.58429
2021-06-28 23:59:14 UTC,0.243333,29.516703999999997,-98.598411,29.489934,-98.568129
2021-06-28 23:24:30 UTC,0.484444,29.450365,-98.682105,29.518108,-98.599474
2021-06-28 18:36:00 UTC,0.6225,29.488559999999996,-98.44705400000001,29.449881,-98.683824
2021-06-28 18:34:19 UTC,0.008611,29.48858,-98.447069,29.488568,-98.447017
2021-06-28 17:05:43 UTC,0.001944,29.518969,-98.46131899999999,29.518969,-98.461324
2022-04-09 00:00:59 UTC,1.318056,29.491294,-98.611677,29.176465999999998,-98.45962800000001
2022-04-09 02:27:20 UTC,0.350833,29.438333,-98.471514,29.476815999999996,-98.405052
2022-04-09 01:34:34 UTC,0.741389,29.218852000000002,-98.41332299999999,29.429539000000002,-98.496976
2022-01-14 01:21:31 UTC,0.740556,29.440602000000002,-98.498715,29.443927000000002,-98.476943
2022-01-14 02:12:07 UTC,2.851111,29.443935999999997,-98.476988,29.289371000000003,-98.668231
2022-01-14 05:15:58 UTC,3.755,29.279813,-98.668904,29.499124,-98.667408
2022-01-14 20:01:07 UTC,2.614722,29.435767,-98.690965,29.355528000000003,-98.529989
2022-01-14 23:00:11 UTC,2.968056,29.35677,-98.546345,29.381031,-98.406716
2021-07-07 20:28:43 UTC,2.831667,29.435472999999998,-98.691053,29.603240000000003,-98.596485
2021-07-07 23:29:54 UTC,3.283611,29.591202000000003,-98.588031,29.575026,-98.596484
2021-11-20 00:21:30 UTC,3.716111,29.435685999999997,-98.691252,29.527513,-98.472959
2021-11-20 04:17:43 UTC,2.553889,29.520826,-98.475925,29.505653000000002,-98.54723299999999
2022-02-28 00:07:16 UTC,5.132778,29.450475,-98.682215,29.430953000000002,-98.482377
2022-02-28 05:35:17 UTC,1.388611,29.427178,-98.493262,29.403302000000004,-98.691381
2022-03-13 12:34:24 UTC,0.072778,29.448783000000002,-98.379333,29.420258,-98.425028
2022-03-13 12:34:11 UTC,0.000833,29.448717,-98.379021,29.448657,-98.379051
2022-03-13 11:08:29 UTC,1.418611,29.522754,-98.476174,29.448718,-98.37902700000001
2022-03-13 01:10:55 UTC,0.580833,29.417433000000003,-98.485159,29.391122999999997,-98.47631
2022-01-22 23:54:27 UTC,0.8825,29.380710999999998,-98.636887,29.495863,-98.55305899999999
2022-01-22 23:00:01 UTC,0.639722,29.436296999999996,-98.68552,29.380247999999998,-98.637206
2022-01-22 00:11:43 UTC,5.284444,29.318834000000003,-98.554523,29.609331,-98.598099
2022-04-19 17:51:31 UTC,0.000833,30.271842,-97.73241,30.271842,-97.73241
2022-04-19 05:58:30 UTC,0.000556,32.716859,-96.81404599999999,32.716861,-96.814042
2022-02-05 21:01:52 UTC,3.530556,29.41299,-98.529097,29.366719,-98.772694
2022-02-05 18:30:51 UTC,2.252778,29.441119,-98.668888,29.413826,-98.534911
2022-02-05 06:03:32 UTC,0.146667,29.546822,-98.582861,29.490979,-98.611913
2022-02-05 03:57:28 UTC,2.098889,29.521114,-98.505806,29.547721000000003,-98.583924
2022-02-05 02:45:38 UTC,1.193333,29.43614,-98.49588100000001,29.521203000000003,-98.505719
2022-02-05 01:28:16 UTC,1.123611,29.352277,-98.541567,29.443924,-98.486177
2022-01-29 23:37:48 UTC,1.467778,29.511808000000002,-98.39660699999999,29.442832,-98.494065
2022-01-29 22:07:21 UTC,1.164444,29.48909,-98.622392,29.507384000000002,-98.39647
2022-01-29 06:55:49 UTC,3.718333,29.551509000000003,-98.512209,29.530339,-98.48217700000001
2022-01-29 06:24:03 UTC,0.510278,29.577084000000003,-98.623999,29.551510999999998,-98.512204
2022-01-29 06:00:58 UTC,0.364167,29.513463,-98.569221,29.576905,-98.624618
2022-01-29 02:15:18 UTC,2.960833,29.411139000000002,-98.498449,29.516745,-98.558148
2022-01-29 00:59:43 UTC,1.154444,29.425072999999998,-98.442185,29.411812,-98.498572
2022-01-29 00:46:20 UTC,0.119722,29.431632,-98.43943900000001,29.425096000000003,-98.438813
2021-07-16 00:25:45 UTC,0.009167,29.375138,-98.455776,29.375158000000003,-98.455788
2021-07-16 00:27:31 UTC,0.793333,29.375153000000005,-98.45584699999999,29.438412,-98.483816
2021-07-16 01:15:16 UTC,0.305556,29.438622,-98.484062,29.437834999999996,-98.654004
2022-04-01 20:27:08 UTC,1.150556,29.474560999999998,-98.51276,29.415803999999998,-98.498788
2022-04-01 20:20:43 UTC,0.003333,29.475245,-98.518878,29.474791999999997,-98.51816
2022-04-01 19:58:12 UTC,0.262778,29.47421,-98.504284,29.474544,-98.519056
2022-04-01 19:36:23 UTC,0.340556,29.524373999999998,-98.476721,29.478688000000002,-98.507914
2022-04-01 19:32:11 UTC,0.041389,29.52197,-98.476074,29.52236,-98.476112
2022-04-01 18:10:39 UTC,1.029167,29.351578000000003,-98.503782,29.507807,-98.472679
2022-04-01 16:41:20 UTC,1.004167,29.435527,-98.690874,29.359067,-98.50451
2022-04-01 01:13:40 UTC,1.711667,29.523260999999998,-98.476906,29.480378,-98.50165
2021-12-02 20:49:45 UTC,0.561667,29.435633000000003,-98.69760699999999,29.437966999999997,-98.64394200000001
2021-12-02 21:41:47 UTC,1.176667,29.43667,-98.651258,29.527818,-98.47331
2021-12-02 23:18:35 UTC,2.806667,29.523849,-98.476125,29.460719,-98.670334
2022-05-29 00:27:00 UTC,0.443611,29.440214,-98.49906700000001,29.444233,-98.664754
2022-05-29 20:00:49 UTC,1.864722,29.432678000000003,-98.726674,29.477927,-98.59930200000001
2022-05-29 22:13:24 UTC,2.068889,29.491426,-98.61160799999999,29.427501,-98.488905
2022-03-24 20:52:23 UTC,0.813056,29.430013,-98.435953,29.521326000000002,-98.41105999999999
2022-03-24 20:11:52 UTC,0.669444,29.397037,-98.495694,29.429142,-98.43606899999999
2022-03-24 18:59:21 UTC,0.798333,29.450716999999997,-98.682002,29.397617999999998,-98.49508
2022-04-22 04:00:34 UTC,2.013056,29.512526,-98.442994,29.426861,-98.493178
2022-04-22 02:12:25 UTC,1.78,29.403371000000003,-98.684173,29.505107000000002,-98.442102
2022-04-22 01:03:38 UTC,0.447222,29.434783000000003,-98.706909,29.500901000000002,-98.553598
2021-12-24 22:08:44 UTC,2.927778,29.435837,-98.691385,29.433024,-98.69345600000001
2022-04-12 22:24:53 UTC,0.001111,29.427016,-98.49394000000001,29.427096999999996,-98.494126
2022-05-28 03:49:21 UTC,3.487778,29.450762,-98.682009,29.596113,-98.59134
2022-05-28 07:18:49 UTC,0.032778,29.596204999999998,-98.59069699999999,29.591186999999998,-98.600512
2022-05-28 20:29:52 UTC,0.300833,28.935494,-98.560414,29.167562,-98.588481
2022-05-28 20:55:20 UTC,1.153333,29.268599,-98.576894,29.454328999999998,-98.55020400000001
2022-05-28 22:19:01 UTC,2.131667,29.454289000000003,-98.550213,29.440214,-98.49906700000001
2022-02-26 00:18:27 UTC,0.001667,32.500195,-96.822314,32.49858,-96.822639
2022-02-26 00:19:05 UTC,0.206111,32.490357,-96.826826,32.296293,-96.865531
2022-02-26 00:31:27 UTC,0.534167,32.296293,-96.865531,31.817844,-97.09823
2022-02-26 02:58:42 UTC,0.000556,30.404535,-97.66480899999999,30.404535,-97.66480899999999
2022-02-26 02:58:49 UTC,0.548611,30.404736,-97.664774,30.117061,-97.80528199999999
2022-04-27 00:01:16 UTC,0.035,29.467645,-98.36574300000001,29.465578999999998,-98.3595
2022-04-27 00:03:22 UTC,0.220833,29.465578999999998,-98.3595,29.405026,-98.55897399999999
2022-04-27 17:46:35 UTC,1.025833,29.435741999999998,-98.691253,29.489089,-98.575328
2022-04-27 18:48:13 UTC,0.703611,29.489088,-98.57533000000001,29.520988,-98.504304
2022-04-27 19:43:24 UTC,1.382778,29.521777,-98.505423,29.494353999999998,-98.399783
2022-04-27 21:07:45 UTC,0.63,29.494279,-98.399294,29.374289,-98.450064
2022-04-27 21:46:32 UTC,1.219722,29.374767,-98.450091,29.520615000000003,-98.479036
2022-04-27 22:59:56 UTC,0.080833,29.520713,-98.482225,29.520940999999997,-98.5043
2021-07-18 02:03:20 UTC,5.546389,29.450574,-98.68339,29.510844,-98.549362
2021-07-18 17:01:04 UTC,2.744444,29.435632000000002,-98.691168,29.419558000000002,-98.80659200000001
2021-12-03 08:01:21 UTC,1.426667,29.418188,-98.716691,29.499294,-98.60359100000001
2021-12-03 03:26:07 UTC,4.173889,29.453343,-98.692622,29.418188,-98.716691
2022-03-08 21:23:40 UTC,0.808889,29.515413,-98.455936,29.454853999999997,-98.511101
2022-03-08 18:55:32 UTC,2.331944,29.436021999999998,-98.690974,29.516075,-98.46451
2022-06-01 23:13:40 UTC,0.155833,29.373976000000003,-98.646553,29.446707,-98.67105500000001
2022-06-01 20:32:58 UTC,2.675833,29.490978000000002,-98.61191600000001,29.373976000000003,-98.646553
2022-06-01 19:56:50 UTC,0.392778,29.565267,-98.581153,29.490232000000002,-98.61100400000001
2022-06-01 19:36:50 UTC,0.329167,29.606819,-98.597443,29.565265000000004,-98.58115699999999
2022-06-01 17:57:31 UTC,1.322778,29.441637,-98.666733,29.610125,-98.598961
2022-06-01 17:25:17 UTC,0.001944,29.450339000000003,-98.68217,29.450385999999998,-98.682415
2021-08-04 02:16:31 UTC,0.005833,29.438519,-98.476917,29.438292999999998,-98.470264
2021-08-04 00:39:04 UTC,1.618889,29.516703999999997,-98.410197,29.439044,-98.47962
2021-08-04 02:18:02 UTC,0.397222,29.439085,-98.452839,29.533580999999998,-98.412644
2021-08-04 02:47:17 UTC,1.643333,29.532897,-98.411675,29.401538000000002,-98.64146099999999
2021-08-04 04:25:59 UTC,0.143889,29.401533,-98.641462,29.441759,-98.661991
2022-03-05 23:02:09 UTC,3.4675,29.446159,-98.680027,29.504825,-98.58860899999999
2022-03-05 22:46:31 UTC,0.178889,29.418395,-98.682698,29.448373999999998,-98.69991
2022-03-05 22:02:48 UTC,0.603333,29.433552000000002,-98.71508299999999,29.417171000000003,-98.68104
2022-03-05 07:50:50 UTC,2.698889,29.534128000000003,-98.32278000000001,29.53486,-98.39363
2022-03-05 03:08:38 UTC,4.066667,29.436176,-98.495836,29.535026000000002,-98.32155300000001
2022-03-05 00:25:00 UTC,2.391111,29.450459999999996,-98.68179,29.425039,-98.450622
2022-05-30 04:45:26 UTC,1.265,28.943355,-98.56393,29.461840999999996,-98.622833
2022-05-30 00:23:31 UTC,2.468056,29.427504,-98.488926,29.423941999999997,-98.488792
2022-02-25 23:41:14 UTC,,32.805262,-96.687252,32.805262,-96.687252
2022-02-25 18:14:56 UTC,5.438333,29.440784999999998,-98.668954,32.805262,-96.687252
2021-11-21 01:46:01 UTC,0.510278,29.516696999999997,-98.47791,29.609893,-98.464233
2021-11-21 01:30:28 UTC,0.151111,29.418358,-98.48691,29.422876000000002,-98.480788
2021-11-21 00:24:13 UTC,0.983889,29.437640999999996,-98.682737,29.418371999999998,-98.48688
2021-07-31 19:09:57 UTC,2.305,29.437952000000003,-98.648808,29.397723,-98.514268
2021-07-31 21:53:36 UTC,3.657778,29.406912,-98.510832,29.521334000000003,-98.58287800000001
2022-02-22 22:39:18 UTC,5.497222,29.368192999999998,-98.449318,29.519316999999997,-98.471863
2022-02-22 20:11:27 UTC,2.119444,29.450378999999998,-98.683348,29.379317999999998,-98.440935
2021-11-11 00:12:32 UTC,1.909722,29.450615000000003,-98.683094,29.609436,-98.47773000000001
2021-11-11 06:54:43 UTC,0.331389,29.540611,-98.38266999999999,29.512227000000003,-98.535629
2021-11-11 07:26:37 UTC,0.108611,29.496168,-98.554749,29.459794,-98.624579
2021-11-11 22:59:11 UTC,0.620556,29.435755,-98.69145,29.555484999999997,-98.61193100000001
2021-11-11 02:13:24 UTC,0.046667,29.609467,-98.47703,29.609454,-98.477085
2021-11-11 02:16:18 UTC,0.670833,29.609454,-98.477085,29.534138000000002,-98.495739
2021-11-11 03:00:52 UTC,2.132778,29.531453999999997,-98.497292,29.604584999999997,-98.558876
2021-11-11 23:41:48 UTC,0.931944,29.556729999999998,-98.61461700000001,29.5098,-98.577936
2021-11-11 05:17:02 UTC,1.624444,29.604875,-98.56574,29.540611,-98.38266999999999
2021-10-17 02:08:09 UTC,2.611944,29.549042,-98.509785,29.364626,-98.456386
2022-01-08 06:00:23 UTC,1.074167,29.408128,-98.49360300000001,29.354635,-98.44608199999999
2022-01-08 05:18:04 UTC,0.698889,29.582297999999998,-98.51418100000001,29.407309,-98.493463
2022-01-08 03:21:22 UTC,0.953333,29.522002,-98.47608199999999,29.461588,-98.567487
2022-01-08 00:55:28 UTC,2.096944,29.417846,-98.663726,29.532255,-98.367861
2021-07-11 18:19:07 UTC,0.256667,29.4891,-98.622475,29.470984,-98.621434
2021-07-11 18:37:15 UTC,1.784444,29.471168,-98.621349,29.526418,-98.472111
2021-07-11 20:39:51 UTC,2.659444,29.523554999999998,-98.476275,29.528109000000004,-98.474029
2021-07-11 23:26:20 UTC,1.591111,29.521884000000004,-98.476722,29.519016999999998,-98.495108
2021-10-10 23:52:14 UTC,1.743333,29.443115000000002,-98.642418,29.802811,-98.751986
2021-10-10 21:26:39 UTC,2.278611,29.447575,-98.710187,29.443084000000002,-98.641799
2021-10-10 19:40:47 UTC,1.5925,29.435502000000003,-98.691131,29.447917999999998,-98.710982
2021-08-01 01:42:37 UTC,0.873056,29.521203000000003,-98.58041300000001,29.417016999999998,-98.635322
2021-11-10 02:04:25 UTC,0.113889,29.418492999999998,-98.50614499999999,29.406676,-98.575197
2021-11-10 00:45:12 UTC,1.309722,29.523148,-98.476242,29.419259000000004,-98.50595899999999
2021-11-10 00:08:28 UTC,0.531389,29.488387,-98.447458,29.523451,-98.476444
2021-07-24 20:20:47 UTC,0.491111,29.456915000000002,-98.67456700000001,29.43277,-98.48284
2021-07-24 19:27:11 UTC,0.792778,29.435907,-98.691461,29.460005,-98.670725
2021-07-24 05:57:11 UTC,0.386111,29.314874,-98.384354,29.444857,-98.665654
2021-07-24 02:10:10 UTC,3.780278,29.450487,-98.682075,29.314866,-98.384366
2021-12-11 23:02:37 UTC,3.116667,29.418029999999998,-98.645565,29.417340000000003,-98.60384
2021-12-11 20:34:59 UTC,1.770556,29.435814,-98.691519,29.361518,-98.638033
2021-12-11 08:37:14 UTC,0.003056,29.413349,-98.474937,29.413348,-98.474906
2021-12-11 07:50:28 UTC,0.7725,29.47236,-98.22346999999999,29.413426,-98.474804
2021-12-11 06:27:30 UTC,1.328889,29.491521000000002,-98.61198900000001,29.471759000000002,-98.22301999999999
2021-12-11 06:24:36 UTC,0.046111,29.491239,-98.611925,29.491519,-98.611992
2021-12-11 06:07:43 UTC,0.176389,29.517429999999997,-98.594684,29.493271999999997,-98.616237
2021-12-11 03:12:29 UTC,2.796389,29.484383,-98.667441,29.510472999999998,-98.58699399999999
2021-10-14 22:19:50 UTC,3.080278,29.450404,-98.682117,29.884581,-97.938783
2021-10-14 18:26:11 UTC,2.514167,29.441464,-98.664592,29.528048,-98.476067
2021-10-14 00:57:04 UTC,0.180278,29.509271999999996,-98.535157,29.438809000000003,-98.658389
2021-10-14 00:30:45 UTC,0.436389,29.434571999999996,-98.486999,29.507831,-98.535156
2021-08-26 01:04:20 UTC,1.541389,29.397894,-98.51505999999999,29.460096999999998,-98.588875
2021-08-26 03:02:51 UTC,1.334722,29.450529,-98.68194100000001,29.481441999999998,-98.603689
2021-07-25 05:18:54 UTC,0.307222,29.358743,-98.477775,29.445045,-98.665953
2021-07-25 01:49:08 UTC,3.493611,29.450358,-98.68218900000001,29.358736999999998,-98.477775
2021-11-14 00:07:11 UTC,1.383056,29.459058000000002,-98.478121,29.605083,-98.464727
2021-11-14 01:34:34 UTC,0.822222,29.604235,-98.465253,29.528095,-98.47562099999999
2021-11-14 02:37:24 UTC,3.258056,29.524986,-98.476812,29.505954,-98.557209
2021-11-14 06:06:16 UTC,0.575,29.495202000000003,-98.554292,29.584932000000002,-98.624432
2021-11-14 06:40:56 UTC,0.099167,29.584932000000002,-98.624432,29.538372999999996,-98.68137800000001
2021-07-10 22:40:06 UTC,2.373333,29.571005,-98.517028,29.562599,-98.637487
2021-07-10 20:05:04 UTC,0.076111,29.571616,-98.516675,29.604975,-98.508362
2021-07-10 18:31:30 UTC,1.445833,29.490969,-98.709916,29.570266999999998,-98.516334
2022-03-03 06:47:54 UTC,2.234167,29.450552000000002,-98.68343,29.525484000000002,-98.476871
2022-03-03 09:05:00 UTC,3.059444,29.5222,-98.47612600000001,29.516684,-98.637033
2022-03-03 12:11:00 UTC,0.190556,29.516724,-98.636677,29.484315999999996,-98.62801400000001
2022-03-03 21:22:42 UTC,0.950278,29.450718,-98.681949,29.496308000000003,-98.71127800000001
2022-03-03 22:27:01 UTC,2.470833,29.496347999999998,-98.711169,29.426305,-98.43780100000001
2021-09-19 02:58:00 UTC,3.81,29.549179,-98.509773,29.564939000000003,-98.519175
2022-03-23 23:23:28 UTC,0.491111,29.622405,-98.57418,29.523486,-98.579031
2022-03-23 23:23:28 UTC,,29.622405,-98.57418,,
2022-03-23 23:15:00 UTC,0.134444,29.60261,-98.565561,29.622407,-98.574137
2022-03-23 22:01:50 UTC,1.061667,29.43566,-98.691335,29.637767999999998,-98.615773
2022-04-07 18:09:51 UTC,3.310278,29.436013,-98.69099399999999,29.652387,-98.466171
2022-04-07 21:32:57 UTC,0.264444,29.653645,-98.465002,29.591682000000002,-98.47110699999999
2021-10-20 00:11:08 UTC,3.292778,29.665212,-98.633995,29.608275,-98.485505
2021-10-20 16:12:46 UTC,0.020556,29.435726000000003,-98.691251,29.435841999999997,-98.690999
2021-10-20 16:15:26 UTC,0.565833,29.435897999999998,-98.690736,29.428797999999997,-98.567735
2021-10-20 16:49:35 UTC,0.390278,29.428797999999997,-98.567735,29.490615000000002,-98.55270300000001
2021-10-20 18:51:07 UTC,0.663889,29.490615000000002,-98.55270300000001,29.582897999999997,-98.594824
2021-10-20 19:31:22 UTC,0.500278,29.582897999999997,-98.594824,29.548856,-98.66340799999999
2022-03-22 18:58:29 UTC,2.205278,29.441403,-98.666668,29.581664,-98.465746
2022-03-22 21:24:44 UTC,1.288333,29.522213,-98.476128,29.576865,-98.602915
2022-03-22 22:42:25 UTC,0.23,29.576601,-98.60339,29.610089000000002,-98.599941
2021-11-09 22:17:56 UTC,1.187778,29.439506,-98.674204,29.486114,-98.453389
2021-11-09 04:33:27 UTC,0.058611,29.480490000000003,-98.711058,29.471683000000002,-98.696407
2021-11-09 03:50:37 UTC,0.710833,29.520658,-98.60241500000001,29.482744,-98.71135600000001
2021-11-09 03:26:07 UTC,0.342778,29.519226,-98.61239,29.519993,-98.602834
2021-11-09 02:46:01 UTC,0.555833,29.526669000000002,-98.600435,29.519652,-98.611638
2021-07-02 01:56:33 UTC,3.645833,29.450359999999996,-98.68214300000001,29.374013,-98.611947
2021-07-02 17:38:13 UTC,2.830556,29.434896000000002,-98.69083499999999,29.442448,-98.661375
2021-07-02 20:44:38 UTC,3.6,29.442731,-98.66150400000001,29.517907,-98.504348
2021-08-03 21:01:34 UTC,3.350278,29.521141999999998,-98.476083,29.516415000000002,-98.407601
2021-08-03 19:36:58 UTC,1.214167,29.489152,-98.622428,29.522076000000002,-98.476764
2021-08-03 00:03:31 UTC,0.1925,29.615884,-98.605423,29.510415999999996,-98.696979
2021-08-03 00:03:21 UTC,0.001111,29.616054,-98.605025,29.615938,-98.60531999999999
2021-07-19 01:42:31 UTC,3.893333,29.450509999999998,-98.683335,29.555467999999998,-98.404067
2022-05-24 21:16:54 UTC,0.072778,29.588646,-98.448791,29.592878999999996,-98.452871
2022-05-24 21:13:02 UTC,0.025833,29.588642999999998,-98.448789,29.588642999999998,-98.448789
2022-05-24 20:35:00 UTC,0.516667,29.441501000000002,-98.638869,29.588678,-98.448676
2022-05-24 20:15:39 UTC,0.274167,29.439969,-98.65894499999999,29.432888000000002,-98.65395799999999
2022-05-24 19:40:41 UTC,0.316944,29.450762,-98.68194,29.437165000000004,-98.65167
2022-05-24 05:40:11 UTC,0.9675,29.48742,-98.548778,29.446095,-98.668408
2022-05-24 03:41:38 UTC,1.960556,29.450623999999998,-98.68252700000001,29.485491999999997,-98.54581800000001
2021-10-23 20:50:42 UTC,3.211667,29.436515000000004,-98.687049,29.672372999999997,-98.485603
2021-10-23 01:31:29 UTC,5.823333,29.400821,-98.51125400000001,29.406839,-98.648226
2021-10-23 00:20:58 UTC,1.118611,29.436235999999997,-98.495773,29.400821,-98.51125400000001
2021-06-29 00:35:29 UTC,2.059722,29.473736,-98.549254,29.435411,-98.52711
2021-06-29 02:59:48 UTC,1.274722,29.495032000000002,-98.55081899999999,29.508551,-98.590089
2021-06-29 04:17:40 UTC,0.191111,29.505415000000003,-98.585426,29.495579,-98.578591
2021-06-29 04:36:24 UTC,0.1425,29.493751,-98.57064100000001,29.446777,-98.515028
2021-06-29 04:45:04 UTC,1.239444,29.445442,-98.515041,29.412053999999998,-98.703307
2021-06-29 18:36:18 UTC,1.093611,29.4415,-98.666973,29.513479999999998,-98.576689
2021-06-29 20:00:45 UTC,1.469167,29.512766,-98.569896,29.52099,-98.483067
2021-06-29 21:29:06 UTC,0.147222,29.520998,-98.48308,29.517008,-98.5268
2022-03-21 21:58:18 UTC,1.088611,29.348917,-98.53433100000001,29.479551,-98.46379
2022-03-21 21:31:02 UTC,0.446389,29.368074,-98.449438,29.348917999999998,-98.534439
2022-03-21 20:12:19 UTC,1.005556,29.433165999999996,-98.68820799999999,29.387325,-98.483824
2022-03-21 19:58:03 UTC,0.235,29.443327000000004,-98.689944,29.433379,-98.68845400000001
2022-03-21 18:32:14 UTC,0.000556,29.450749,-98.681973,29.450736,-98.682006
2022-01-20 21:07:54 UTC,2.634444,29.438121999999996,-98.649249,29.564664,-98.53806800000001
2022-01-20 18:50:18 UTC,2.291389,29.436047,-98.69098699999999,29.438121000000002,-98.649248
2022-01-20 07:44:30 UTC,0.005278,29.522432000000002,-98.476644,29.523301,-98.47686999999999
2022-01-20 02:07:20 UTC,3.836667,29.439908000000003,-98.38060300000001,29.521517,-98.476357
2022-03-30 18:34:01 UTC,1.413333,29.492431,-98.569241,29.546454999999998,-98.548518
2021-10-08 01:04:43 UTC,2.086667,29.356669,-98.53311,29.676253999999997,-98.09975
2021-10-08 18:50:35 UTC,1.395833,29.435672999999998,-98.691409,29.403426,-98.62685400000001
2021-10-08 20:22:31 UTC,1.473611,29.403396,-98.626727,29.508274,-98.564559
2021-10-08 21:51:22 UTC,0.020833,29.508157,-98.564503,29.511385999999998,-98.567525
2021-10-08 22:02:48 UTC,1.682778,29.51882,-98.560426,29.653418,-98.443407
2021-10-08 23:50:58 UTC,0.873056,29.653487,-98.445215,29.621584000000002,-98.462722
2022-03-14 22:18:27 UTC,0.091667,29.522276,-98.476138,29.522234,-98.476148
2022-03-14 19:05:15 UTC,3.0925,29.442040999999996,-98.664503,29.515949,-98.460724
2021-10-22 21:09:03 UTC,2.357222,29.443578999999996,-98.57085699999999,29.413892999999998,-98.48206
2021-10-22 19:54:29 UTC,1.144444,29.436475,-98.644653,29.443403000000004,-98.570854
2021-08-30 18:44:08 UTC,2.246667,29.450692,-98.682027,29.551837,-98.666004
2021-08-30 21:12:47 UTC,0.703889,29.528212,-98.668965,29.482315000000003,-98.593067
2021-08-30 21:55:52 UTC,0.001667,29.480411,-98.593515,29.480411,-98.593515
2022-04-08 20:47:48 UTC,1.945,29.449316999999997,-98.693055,29.426647999999997,-98.656865
2022-04-08 22:45:01 UTC,0.319444,29.426713,-98.657328,29.380225,-98.637331
2022-04-08 23:04:48 UTC,0.291389,29.380783,-98.63762,29.450534,-98.584757
2021-11-13 00:51:25 UTC,2.208611,29.404396999999996,-98.62863399999999,29.486683000000003,-98.536887
2021-11-13 03:14:36 UTC,1.435833,29.487875,-98.537165,29.427033,-98.43458000000001
2021-11-13 04:47:14 UTC,1.342778,29.426621,-98.434624,29.356624,-98.506366
2021-11-13 06:08:44 UTC,2.262778,29.355389000000002,-98.50383000000001,29.485406,-98.415645
2021-11-13 08:27:31 UTC,1.781389,29.485408000000003,-98.41563199999999,29.451265999999997,-98.48654499999999
2021-11-13 22:57:47 UTC,0.706111,29.435846,-98.691121,29.422164000000002,-98.484085
2022-03-17 02:04:27 UTC,0.095833,29.411795,-98.76545300000001,29.431140000000003,-98.72930500000001
2022-03-17 02:15:00 UTC,2.318889,29.432519,-98.72703299999999,29.429113,-98.71804200000001
2022-03-17 18:37:22 UTC,0.003056,29.435839,-98.691148,29.435851,-98.691142
2022-03-17 18:38:12 UTC,3.400556,29.435416999999998,-98.690956,29.453530999999998,-98.33774
2022-03-17 22:03:15 UTC,1.335833,29.454363,-98.336264,29.573666999999997,-98.57902800000001
2021-10-26 00:07:46 UTC,1.015,29.408927000000002,-98.494834,29.397340999999997,-98.534145
2021-07-29 01:19:53 UTC,2.426667,29.450516999999998,-98.682048,29.524271000000002,-98.476965
2021-07-29 03:56:59 UTC,1.392778,29.524269,-98.476977,29.446846999999998,-98.59644399999999
2021-07-29 05:20:40 UTC,0.118333,29.446848,-98.59644899999999,29.444239000000003,-98.664765
2021-07-29 23:25:39 UTC,6.596944,29.436329999999998,-98.690877,29.493104,-98.399919
2022-01-16 08:11:16 UTC,0.137222,29.490289,-98.612491,29.444584000000003,-98.665176
2022-01-16 08:11:05 UTC,0.001389,29.49029,-98.61249000000001,29.490289,-98.612491
2022-01-16 04:39:27 UTC,3.522778,29.549478999999998,-98.510054,29.490289,-98.612491
2022-01-16 03:35:04 UTC,0.907778,29.425953000000003,-98.450138,29.547515,-98.509473
2022-01-16 01:14:22 UTC,2.285278,29.486473999999998,-98.594135,29.425309000000002,-98.43493000000001
2022-01-16 00:45:00 UTC,0.246944,29.441375,-98.666842,29.486241999999997,-98.594373
2022-01-16 00:08:05 UTC,0.545833,29.450409000000004,-98.682179,29.441618,-98.666608
2022-03-01 18:28:33 UTC,0.000833,29.450714,-98.681961,29.450715000000002,-98.68196
2021-07-03 21:08:52 UTC,3.086667,29.466815000000004,-98.621114,29.444065000000002,-98.47915400000001
2021-07-03 17:53:04 UTC,2.483333,29.436141999999997,-98.49578000000001,29.470066999999997,-98.619681
2021-07-03 17:10:35 UTC,0.611389,29.354142,-98.49332199999999,29.435522,-98.49570899999999
2021-07-03 16:08:00 UTC,1.030833,29.450643,-98.683338,29.354155,-98.493325
2021-07-03 00:44:48 UTC,0.249444,29.517166999999997,-98.50506800000001,29.444538,-98.66516899999999
2021-09-11 03:53:36 UTC,0.953333,28.935593,-98.560056,29.429057,-98.500562
2021-12-05 23:54:02 UTC,1.130833,29.442459000000003,-98.664865,29.53223,-98.558637
2021-12-05 06:05:15 UTC,1.7725,29.421258,-98.47948199999999,29.422587,-98.503507
2021-12-05 04:25:22 UTC,1.285556,29.421783,-98.483965,29.480209000000002,-98.356762
2021-12-05 04:11:22 UTC,0.2325,29.425962,-98.491373,29.421776,-98.48385999999999
2021-12-05 02:37:33 UTC,1.548056,29.439161,-98.499104,29.426402000000003,-98.491364
2022-03-02 17:20:39 UTC,1.138056,29.436171,-98.690996,29.349735,-98.535163
2022-03-02 18:52:25 UTC,0.001667,29.359239000000002,-98.532933,29.359254999999997,-98.532909
2022-03-02 18:52:48 UTC,0.586667,29.359245,-98.532909,29.430827,-98.50190699999999
2022-03-02 19:28:44 UTC,0.001667,29.431851,-98.50196700000001,29.431855,-98.501971
2022-03-02 19:29:04 UTC,0.082778,29.431865000000002,-98.501968,29.415464,-98.503917
2022-03-02 20:38:33 UTC,3.381667,29.515795,-98.461764,29.489545,-98.58767900000001
2022-03-18 19:03:40 UTC,1.759722,29.436142999999998,-98.70442299999999,29.402113,-98.495873
2022-03-18 20:51:28 UTC,0.857222,29.40212,-98.496998,29.417479999999998,-98.651589
2022-03-18 23:57:43 UTC,,28.480463,-98.178077,28.480463,-98.178077
2022-03-18 22:07:44 UTC,1.833056,29.404378,-98.628297,28.480463,-98.178077
2021-10-19 17:04:29 UTC,1.344444,29.435681,-98.69133199999999,29.526286,-98.476887
2021-10-19 18:33:52 UTC,1.628056,29.522696999999997,-98.47681800000001,29.482104,-98.536383
2021-10-19 20:19:22 UTC,3.208333,29.485619,-98.53445500000001,29.641510999999998,-98.618752
2021-07-17 22:42:11 UTC,0.2325,29.541663,-98.528159,29.446841,-98.67436500000001
2021-07-17 22:42:01 UTC,0.001111,29.551429,-98.541161,29.541548,-98.528103
2021-07-17 19:30:25 UTC,3.114444,29.521490999999997,-98.47584499999999,29.551427,-98.541166
2021-07-17 18:14:12 UTC,1.075833,29.442459999999997,-98.47863100000001,29.520660999999997,-98.476823
2021-07-17 15:40:04 UTC,2.262778,29.450711,-98.68320600000001,29.452471000000003,-98.48273499999999
2021-09-21 20:40:07 UTC,0.110278,29.596565999999996,-98.28384,29.555307,-98.34828900000001
2021-09-21 21:03:02 UTC,1.725278,29.550635999999997,-98.35481800000001,29.51523,-98.53616600000001
2021-09-21 23:00:13 UTC,1.159167,29.512538,-98.53538,29.415446000000003,-98.499163
2021-09-21 17:00:20 UTC,2.773611,29.450515000000003,-98.68168100000001,29.565706,-98.280601
2021-09-21 19:52:06 UTC,0.703889,29.563539000000002,-98.284524,29.575371,-98.260375
2021-11-29 22:23:14 UTC,1.750278,29.643244,-98.479263,29.504966999999997,-98.434885
2021-11-29 21:46:32 UTC,0.453056,29.552514000000002,-98.40740100000001,29.648518,-98.465119
2021-11-29 19:27:06 UTC,1.853889,29.537074,-98.585193,29.574961,-98.411253
2021-11-29 18:55:28 UTC,0.0175,29.507108000000002,-98.43053499999999,29.50713,-98.43055600000001
2021-11-29 18:54:59 UTC,0.003333,29.507123999999997,-98.43053499999999,29.50712,-98.43053499999999
2021-11-29 18:06:17 UTC,0.799444,29.450495,-98.68349599999999,29.507084999999996,-98.430871
2021-11-29 00:47:19 UTC,1.145556,29.523097999999997,-98.476312,29.523625,-98.47623399999999
2021-09-18 03:04:39 UTC,1.975278,29.450688,-98.681979,29.444160999999998,-98.494157
2021-09-18 05:03:18 UTC,0.043056,29.444160999999998,-98.494157,29.444160999999998,-98.494157
2021-09-18 05:06:01 UTC,0.456944,29.444160999999998,-98.494157,29.462446999999997,-98.67363
2021-09-18 22:22:50 UTC,4.139167,29.435652,-98.69134100000001,29.595588,-98.480572
2021-10-21 00:54:42 UTC,2.878611,29.4489377,-98.6854176,29.694939,-98.09908100000001
2021-10-21 18:40:32 UTC,0.046111,29.506210499999998,-98.6282043,29.515522999999998,-98.6348
2021-09-14 20:06:57 UTC,2.067222,29.435288,-98.689173,29.536882000000002,-98.52261
2021-10-13 23:24:04 UTC,1.061667,29.530962,-98.56043299999999,29.434571999999996,-98.486999
2021-10-13 22:07:07 UTC,1.019167,29.485317,-98.646162,29.530983000000003,-98.56010500000001
2021-10-13 20:56:58 UTC,1.104444,29.435373,-98.691321,29.485371999999998,-98.646056
2021-11-26 19:39:47 UTC,4.700556,29.435988000000002,-98.6913,29.468452000000003,-98.453066
2021-07-28 21:41:55 UTC,1.304722,29.470446999999997,-98.621214,29.435581,-98.708463
2021-07-28 20:29:51 UTC,1.000556,29.450653999999997,-98.683458,29.470041,-98.621298
2022-01-25 01:25:37 UTC,2.151389,29.420581,-98.783295,29.509333,-98.456499
2022-01-25 03:45:59 UTC,2.968056,29.507365999999998,-98.458,29.515646000000004,-98.411437
2022-01-25 06:55:10 UTC,1.246944,29.515617,-98.410849,29.427084999999998,-98.410511
2022-01-25 08:10:04 UTC,0.566111,29.427057,-98.410605,29.575607,-98.58787
2022-01-25 21:22:29 UTC,2.508056,29.441643,-98.664464,29.409817999999998,-98.680316
2022-01-25 23:56:59 UTC,0.540278,29.410602,-98.67942099999999,29.429606,-98.74714399999999
2021-10-25 17:41:34 UTC,4.451667,29.435934999999997,-98.691291,29.513653,-98.591719
2021-10-25 22:08:49 UTC,1.859444,29.51465,-98.592192,29.409734000000004,-98.495162
2021-09-16 23:11:43 UTC,1.948611,29.541496999999996,-98.582623,29.398283000000003,-98.43745
2021-09-16 20:21:42 UTC,2.5375,29.435719,-98.691261,29.557134,-98.59097
2021-09-16 03:52:19 UTC,0.079444,29.498957,-98.550922,29.456878000000003,-98.627016
2021-09-16 03:02:07 UTC,0.829722,29.521,-98.485487,29.504357000000002,-98.550611
2022-05-23 23:35:09 UTC,1.251389,29.466263,-98.62328000000001,29.353258,-98.623035
2022-05-23 22:44:53 UTC,0.704167,29.554985,-98.656061,29.468290999999997,-98.621071
2022-05-23 22:14:00 UTC,0.513333,29.445897,-98.712069,29.554985,-98.656061
2022-05-23 22:12:45 UTC,0.016111,29.445905,-98.712248,29.445897,-98.712069
2022-05-23 21:38:20 UTC,0.556389,29.4501288,-98.6835813,29.445946000000003,-98.712457
2021-07-23 22:26:24 UTC,0.500278,29.599273999999998,-98.279335,29.505876,-98.54555699999999
2021-07-23 19:01:02 UTC,3.421111,29.538475,-98.586076,29.599272999999997,-98.279335
2021-07-23 17:12:43 UTC,1.669167,29.450688,-98.683135,29.538435999999997,-98.5861
2021-10-05 21:00:58 UTC,3.326667,29.436071000000002,-98.690928,29.420938,-98.488025
2022-05-27 04:03:44 UTC,1.311944,29.562202000000003,-98.614403,29.446917,-98.67524499999999
2022-05-27 03:18:54 UTC,0.552778,29.480081,-98.519178,29.562283,-98.614592
2022-05-27 02:07:49 UTC,1.158611,29.320437,-98.555059,29.480069,-98.520309
2022-05-27 01:45:16 UTC,0.006944,29.04567,-98.586066,29.046383000000002,-98.586438
2021-09-22 18:17:27 UTC,2.469722,29.435675,-98.691301,29.361365999999997,-98.727228
2021-09-22 20:56:13 UTC,1.025833,29.375106,-98.729187,29.428046999999996,-98.487438
2021-09-22 21:57:53 UTC,0.066389,29.428046999999996,-98.487438,29.437434999999997,-98.491519
2021-08-24 00:22:30 UTC,0.306389,29.312158,-98.397832,29.444481,-98.664893
2021-10-11 01:45:49 UTC,1.242778,29.760759000000004,-98.712209,29.409721,-98.445148
2021-10-11 17:30:25 UTC,1.39,29.450592999999998,-98.68352,29.494137,-98.384004
2021-10-11 19:24:38 UTC,1.120833,29.496315999999997,-98.38414399999999,29.462058000000003,-98.473596
2021-10-11 20:45:03 UTC,0.856944,29.463165000000004,-98.47604799999999,29.433586,-98.445898
2021-10-11 21:38:13 UTC,0.794722,29.428613000000002,-98.44745,29.565314,-98.586043
2021-10-11 22:27:14 UTC,3.666389,29.565972,-98.586213,29.37677,-100.90009
2021-11-17 22:35:50 UTC,0.015833,29.435651,-98.690718,29.436082,-98.686287
2021-11-17 23:01:12 UTC,2.359722,29.441515000000003,-98.66634499999999,29.535153,-98.56403900000001
2022-02-02 18:47:02 UTC,1.739167,29.4417303,-98.6667828,29.443114,-98.564414
2022-02-02 20:38:18 UTC,3.168611,29.443245,-98.563627,29.542889000000002,-98.52910899999999
2022-02-02 23:49:48 UTC,1.160278,29.542606,-98.529839,29.328165000000002,-98.55554599999999
2022-03-19 00:32:30 UTC,0.001111,28.60424,-98.220517,28.604241,-98.22046800000001
2022-03-19 00:32:41 UTC,0.068611,28.604234,-98.220465,28.656544,-98.248177
2022-03-19 00:36:48 UTC,0.271389,28.656544,-98.248177,28.914016999999998,-98.43450899999999
2022-03-19 00:53:05 UTC,3.686944,28.914016999999998,-98.43450899999999,29.501695,-98.519952
2022-03-19 21:48:45 UTC,1.977778,29.536299,-98.586743,29.588826,-98.624173
2021-11-27 00:33:08 UTC,2.442778,29.473710999999998,-98.462597,29.422877000000003,-98.486972
2021-11-27 03:28:45 UTC,0.045833,29.421328000000003,-98.481024,29.376214,-98.457545
2021-11-27 03:38:22 UTC,1.278056,29.376765999999996,-98.45688100000001,29.45607,-98.434866
2021-11-27 04:55:06 UTC,1.136944,29.45607,-98.434866,29.418744,-98.48835
2021-11-27 06:13:20 UTC,0.514444,29.418953000000002,-98.590476,29.42369,-98.649208
2021-11-27 19:33:46 UTC,2.548056,29.448940000000004,-98.685354,29.628535999999997,-98.611674
2021-11-27 22:28:29 UTC,2.250556,29.536303999999998,-98.586823,29.54725,-98.50999200000001
2022-01-05 00:27:08 UTC,2.037778,29.482104,-98.510038,29.520567,-98.488744
2022-01-05 20:26:48 UTC,2.781111,29.435744,-98.69126899999999,29.496234,-98.477994
2022-01-05 23:24:06 UTC,0.101111,29.496236,-98.47787199999999,29.521478000000002,-98.476636
2022-01-05 23:38:13 UTC,1.099722,29.523041,-98.476355,29.501231,-98.557688
2022-01-19 22:28:48 UTC,3.297778,29.484036,-98.546204,29.466862,-98.368774
2022-01-19 22:20:01 UTC,0.105,29.484157,-98.54610799999999,29.484128000000002,-98.546112
2022-01-19 21:45:09 UTC,0.533611,29.45045,-98.681776,29.484158,-98.54610799999999
2022-02-13 03:11:43 UTC,3.886111,29.491213000000002,-98.611878,29.559959999999997,-98.414068
2022-02-04 01:52:12 UTC,0.001389,29.542174,-98.41244300000001,29.542173,-98.41244499999999
2022-02-04 23:44:18 UTC,1.588056,29.822326,-98.740466,29.352240999999996,-98.539651
2022-02-04 20:10:12 UTC,3.215278,29.440779,-98.669113,29.823763,-98.74433
2022-02-04 01:52:24 UTC,0.247778,29.542176,-98.41244499999999,29.490146000000003,-98.561255
2022-01-24 19:59:12 UTC,2.564444,29.449236,-98.686091,29.520001,-98.503252
2022-01-24 22:35:14 UTC,0.0125,29.519003,-98.504284,29.519032,-98.504302
2022-01-24 22:42:29 UTC,2.630833,29.519014000000002,-98.504296,29.42065,-98.783305
2021-12-12 02:40:00 UTC,1.034722,29.398003000000003,-98.531407,29.390465999999996,-98.434363
2021-12-12 03:44:35 UTC,2.2525,29.390401,-98.433751,29.598438,-98.475323
2021-09-15 23:31:44 UTC,0.3225,29.683511,-98.474259,29.534127,-98.488989
2021-09-15 22:09:05 UTC,1.372778,29.521295000000002,-98.47614200000001,29.683513,-98.47426
2021-09-15 20:21:27 UTC,1.470556,29.454508,-98.48349499999999,29.526390000000003,-98.47220899999999
2021-09-15 18:09:00 UTC,2.036944,29.450382,-98.683545,29.455021000000002,-98.483201
2022-06-03 22:07:59 UTC,1.103333,29.228952000000003,-98.583686,29.425055,-98.54929200000001
2022-06-03 20:57:43 UTC,0.729444,29.521181,-98.575259,29.153440999999997,-98.592093
2022-06-03 19:06:26 UTC,1.609167,29.435646999999996,-98.691356,29.525494000000002,-98.575211
2022-06-03 05:16:41 UTC,2.119167,29.450606,-98.68346,29.477657,-98.652608
2022-06-03 03:55:34 UTC,0.477778,29.509548,-98.55342399999999,29.498784999999998,-98.375137
2022-06-03 03:01:57 UTC,0.564444,29.455506,-98.635761,29.509497999999997,-98.553973
2022-02-06 00:33:45 UTC,1.875278,29.366719,-98.772694,29.523908000000002,-98.56926899999999
2022-02-06 03:08:35 UTC,2.321389,29.495506,-98.55457,29.443824,-98.475391
2022-02-06 19:35:10 UTC,0.006111,29.435646000000002,-98.69130799999999,29.435758,-98.691168
2022-02-06 19:36:47 UTC,1.48,29.436033000000002,-98.690951,29.518,-98.63333
2022-02-06 21:19:17 UTC,1.804444,29.519063,-98.636782,29.336174,-98.566914
2022-02-06 23:18:34 UTC,2.111944,29.336194,-98.56689200000001,29.491535,-98.414234
2022-01-04 18:56:46 UTC,0.003056,29.450709000000003,-98.681955,29.492393,-98.706402
2022-01-04 19:11:37 UTC,1.510556,29.491336999999998,-98.70689300000001,29.564653999999997,-98.63793000000001
2022-01-04 20:42:38 UTC,1.325833,29.564693,-98.638584,29.482084999999998,-98.51005500000001
2021-07-01 21:21:58 UTC,2.580556,29.444671000000003,-98.47666600000001,29.457029,-98.636656
2021-07-01 19:57:50 UTC,1.318056,29.647814,-98.426558,29.444153000000004,-98.476391
2021-07-01 18:45:43 UTC,0.716111,29.5188,-98.57406999999999,29.646264000000002,-98.426777
2021-07-01 17:37:35 UTC,1.083889,29.490191999999997,-98.621861,29.518818,-98.574081
2022-03-29 21:29:44 UTC,1.074722,29.494062,-98.481488,29.423438,-98.483609
2022-03-29 21:11:58 UTC,0.211667,29.443147999999997,-98.48092700000001,29.493659,-98.481009
2022-03-29 19:31:55 UTC,1.641667,29.553875,-98.534752,29.443331,-98.480808
2022-03-29 17:10:13 UTC,1.996667,29.451651000000002,-98.682261,29.547040000000003,-98.53309300000001
2022-05-26 19:26:07 UTC,2.733333,29.427599,-98.666389,29.418121999999997,-98.652182
2022-05-26 19:04:44 UTC,0.254167,29.450475,-98.683174,29.427305,-98.66642
2022-05-26 07:40:06 UTC,0.073611,29.517348,-98.497466,29.511304,-98.536403
2022-05-26 02:24:46 UTC,5.179722,29.450581,-98.683336,29.517567,-98.497989
2021-07-27 23:25:04 UTC,0.603056,29.522678000000003,-98.47628900000001,29.440521999999998,-98.670896
2021-07-27 21:55:28 UTC,1.485833,29.48777,-98.525705,29.522678000000003,-98.47628900000001
2021-07-27 20:22:32 UTC,0.472778,29.430846999999996,-98.502349,29.431362,-98.50515
2021-07-27 18:30:35 UTC,1.85,29.515032,-98.635104,29.431017999999998,-98.50209699999999
2021-07-27 18:27:55 UTC,0.013056,29.515102000000002,-98.635085,29.515048999999998,-98.635152
2021-11-08 23:41:27 UTC,2.973611,29.475271999999997,-98.380667,29.526669000000002,-98.600435
2021-11-08 21:54:37 UTC,1.468333,29.563492999999998,-98.333407,29.476796999999998,-98.371376
2021-11-08 21:28:38 UTC,0.250833,29.530362,-98.366304,29.562820000000002,-98.33078
2021-11-08 18:50:10 UTC,2.633611,29.435382,-98.692753,29.530291,-98.367324
2021-11-08 18:42:07 UTC,0.001111,29.436464,-98.692297,29.435783,-98.690578
2022-01-01 01:56:11 UTC,2.965833,29.543282,-98.657894,29.368343,-98.51825
2022-01-01 04:54:16 UTC,0.835,29.369528999999996,-98.517461,29.510854,-98.538976
2022-01-01 05:57:20 UTC,3.409444,29.515362,-98.52950200000001,29.453564,-98.54439599999999
2022-01-01 23:29:33 UTC,0.006111,29.435459,-98.690904,29.435431,-98.690502
2022-01-01 23:41:27 UTC,2.313056,29.435408000000002,-98.690496,29.590923999999998,-98.627637
2021-11-22 23:22:55 UTC,0.244444,29.577893,-98.47243,29.524798999999998,-98.49913000000001
2021-11-22 20:48:47 UTC,2.566944,29.520833000000003,-98.476191,29.577395000000003,-98.47126
2021-11-22 17:52:07 UTC,2.715,29.451182,-98.68254300000001,29.528176000000002,-98.47435300000001
2022-05-03 03:58:58 UTC,,29.468486,-98.306639,29.468486,-98.306639
2022-05-03 03:04:08 UTC,0.913889,29.959803000000004,-98.267561,29.468486,-98.306639
2022-05-03 03:02:49 UTC,0.011389,29.960399,-98.26754,29.959791,-98.267567
2022-05-03 00:46:22 UTC,2.274167,29.662436,-98.411866,29.960399,-98.26754
2021-12-10 23:57:38 UTC,2.594167,29.502693,-98.398232,29.482969,-98.662823
2021-12-10 21:54:28 UTC,1.949444,29.435676,-98.69103299999999,29.502664000000003,-98.39726999999999
2021-12-10 08:03:15 UTC,1.648056,29.669566999999997,-98.488411,29.519648999999998,-98.447934
2021-12-10 07:24:03 UTC,0.603611,29.53169,-98.563622,29.669686,-98.48853199999999
2021-12-10 03:14:16 UTC,3.471667,29.525423999999997,-98.476813,29.461983,-98.636026
2021-12-10 02:30:10 UTC,0.672222,29.450931,-98.68266,29.527633,-98.473043
2021-12-10 01:29:16 UTC,0.591111,29.520645000000002,-98.476199,29.441301,-98.728204
2021-12-27 23:24:53 UTC,2.556667,29.545572999999997,-98.316851,29.44786,-98.487438
2021-12-27 21:47:05 UTC,1.108611,29.435810999999998,-98.691066,29.553146,-98.29226
2021-12-27 03:33:20 UTC,0.000278,30.254932,-97.698637,30.254932,-97.698637
2021-12-27 02:15:08 UTC,1.303333,29.523846000000002,-98.476197,30.254932,-97.698637
2021-12-27 00:35:25 UTC,1.542778,29.517113000000002,-98.41058199999999,29.518998999999997,-98.476916
2021-08-27 02:59:19 UTC,1.414167,29.450390999999996,-98.68196800000001,29.498346,-98.551139
2021-11-19 02:59:00 UTC,4.591944,29.419221000000004,-98.495918,29.395978000000003,-98.493879
2021-11-19 00:55:52 UTC,1.988333,29.520221000000003,-98.732256,29.419293,-98.496424
2021-11-19 00:08:19 UTC,0.708611,29.480866,-98.594773,29.519049,-98.73119399999999
2021-09-03 00:11:19 UTC,0.086667,29.488940999999997,-98.61053100000001,29.461274,-98.623469
2021-09-03 21:28:15 UTC,2.815833,29.450509999999998,-98.683564,29.464726000000002,-98.507857
2021-12-09 23:38:00 UTC,1.483056,29.491135999999997,-98.611862,29.527188,-98.472724
2021-12-25 02:13:57 UTC,0.021944,29.454347,-98.588169,29.448559000000003,-98.585406
2021-12-25 01:30:17 UTC,0.725,29.448890999999996,-98.686014,29.454368,-98.588598
2022-01-03 17:52:46 UTC,0.451944,29.435759,-98.690996,29.299485999999998,-98.627611
2022-01-03 18:20:01 UTC,0.119167,29.302464,-98.624363,29.316708000000002,-98.60743599999999
2022-01-03 18:28:27 UTC,4.555833,29.31705,-98.60848,29.446088,-98.574373
2022-04-29 23:35:19 UTC,1.342778,29.443231,-98.48096600000001,29.433308,-98.47801899999999
2022-04-29 22:31:17 UTC,0.97,29.509767999999998,-98.370226,29.443037,-98.480949
2022-04-29 20:01:49 UTC,2.161389,29.441672999999998,-98.667061,29.515279999999997,-98.363801
2022-04-29 03:43:25 UTC,2.858333,29.485481,-98.733649,29.415540000000004,-98.48694
2022-02-01 17:51:58 UTC,1.647778,29.435688,-98.69125799999999,29.463040000000003,-98.465506
2022-05-01 00:48:20 UTC,1.041389,29.442494,-98.479478,29.488269,-98.59886999999999
2022-01-17 00:45:26 UTC,2.054722,29.450415000000003,-98.682234,29.827951000000002,-98.453281
2022-01-17 02:48:43 UTC,1.027222,29.827951000000002,-98.453281,29.553921999999996,-98.551539
2022-01-17 03:50:21 UTC,1.050833,29.553921999999996,-98.551539,29.363197999999997,-98.451544
2021-09-04 23:50:44 UTC,8.152222,29.450511,-98.683353,29.489698999999998,-98.5191
2021-09-04 15:52:05 UTC,1.783611,29.431352,-98.726646,29.403077000000003,-98.541886
2021-09-04 00:27:26 UTC,3.038333,29.466116999999997,-98.508296,29.483453000000004,-98.526953
2021-08-28 22:11:00 UTC,2.440833,29.587956,-98.632795,29.692946999999997,-98.461037
2021-08-28 20:06:28 UTC,1.750833,29.449036,-98.685174,29.576687,-98.63223
2021-10-16 22:30:16 UTC,3.355833,29.450264,-98.68314699999999,29.549072,-98.508697
2021-10-16 18:51:29 UTC,2.188611,29.441903999999997,-98.66624399999999,29.464818,-98.697085
2021-10-16 00:59:45 UTC,0.015278,29.289782000000002,-98.74408000000001,29.289782000000002,-98.74408000000001
2021-10-16 00:59:30 UTC,0.001667,29.289782000000002,-98.74408000000001,29.289782000000002,-98.74408000000001
2021-08-20 18:08:11 UTC,3.001111,29.450565,-98.683545,29.438752,-98.675113
2021-11-12 00:49:54 UTC,0.145556,29.510324,-98.578262,29.485245000000003,-98.604019
2021-11-12 01:04:01 UTC,1.114167,29.483878999999998,-98.605985,29.43787,-98.675422
2021-11-12 21:20:04 UTC,2.958056,29.435787,-98.691436,29.419651,-98.54424499999999
2021-12-26 02:43:56 UTC,2.397778,29.450382,-98.68350699999999,29.422879,-98.482887
2021-12-26 05:23:24 UTC,4.327222,29.422914000000002,-98.483027,29.423340000000003,-98.479456
2021-12-26 23:10:05 UTC,0.978611,29.441306,-98.666927,29.534440000000004,-98.42447
2021-08-21 01:57:39 UTC,3.510556,29.450558,-98.682407,29.521025,-98.510302
2021-08-21 15:59:25 UTC,1.270556,29.473333,-98.613957,29.466084999999996,-98.57861199999999
2021-09-05 18:47:24 UTC,1.595556,29.435863,-98.69115500000001,29.520453999999997,-98.514983
2021-09-05 20:42:56 UTC,3.089722,29.521265999999997,-98.47608699999999,29.417353000000002,-98.77546099999999
2021-10-24 00:18:24 UTC,1.883333,29.642749,-98.481332,29.346138,-98.549267
2021-10-24 02:39:10 UTC,3.063056,29.356175,-98.52516800000001,29.528717999999998,-98.502335
2021-10-24 05:47:36 UTC,0.001389,29.528845,-98.501483,29.528992,-98.501216
2021-10-24 05:47:46 UTC,0.568889,29.528945,-98.501308,29.434945000000003,-98.678022
2021-07-30 06:03:44 UTC,0.000833,29.494790000000002,-98.40041,29.495261,-98.400312
2021-07-30 06:03:53 UTC,0.328056,29.49568,-98.400237,29.442268,-98.66246600000001
2021-07-30 18:45:38 UTC,2.419167,29.434625,-98.703221,29.539562,-98.420703
2021-07-30 21:10:53 UTC,0.001111,29.539563,-98.420727,29.539583,-98.420748
2021-07-30 21:11:04 UTC,0.353056,29.539603000000003,-98.42075899999999,29.492098,-98.557663
2021-10-04 20:11:03 UTC,0.153333,29.510820000000002,-98.691321,29.493774,-98.704099
2021-10-04 17:52:34 UTC,2.295556,29.589551,-98.624205,29.510820000000002,-98.691321
2021-09-02 18:27:27 UTC,0.538056,29.435789,-98.691245,29.457589000000002,-98.62581800000001
2021-09-02 19:16:58 UTC,4.225,29.46138,-98.621977,29.484069,-98.684986
2021-09-02 23:56:58 UTC,0.2375,29.491244000000002,-98.702534,29.488940999999997,-98.61053100000001
2022-01-18 19:57:07 UTC,1.161667,29.450622999999997,-98.683515,29.520509000000004,-98.485496
2021-11-30 10:04:40 UTC,5.655833,29.450711,-98.683157,29.377619,-98.503911
2022-05-31 02:24:54 UTC,0.000556,29.524721000000003,-98.476732,29.524721000000003,-98.476732
2022-05-31 02:25:12 UTC,0.339722,29.524717,-98.476731,29.521776000000003,-98.495
2022-05-31 02:45:40 UTC,0.13,29.521776000000003,-98.495,29.487828000000004,-98.585305
2021-12-23 20:05:27 UTC,2.681667,29.535931,-98.586586,29.508864000000003,-98.614717
2022-01-21 21:12:53 UTC,2.489444,29.435819,-98.691161,29.263174,-98.627394
2021-08-29 00:57:20 UTC,2.000556,29.682259000000002,-98.453978,29.452937,-98.484607
2021-08-29 02:58:04 UTC,1.459444,29.452937,-98.484607,29.610379,-98.48914599999999
2021-08-29 04:48:01 UTC,0.313611,29.549431,-98.510161,29.471311,-98.452828
2021-08-29 05:06:59 UTC,0.398056,29.471311,-98.452828,29.448321000000004,-98.482435
2021-08-29 05:30:52 UTC,2.560556,29.448321000000004,-98.482435,29.576515999999998,-98.60894300000001
2022-02-08 00:03:27 UTC,0.014167,29.491560999999997,-98.43597700000001,29.492986,-98.435161
2022-02-08 18:51:17 UTC,1.328333,29.450734000000004,-98.681852,29.519938,-98.39417900000001
2021-12-30 03:14:30 UTC,0.184722,29.424846999999996,-98.42639100000001,29.515933,-98.47711600000001
2021-12-30 03:40:05 UTC,2.130833,29.521134000000004,-98.47604799999999,29.418087,-98.480778
2021-12-30 05:49:05 UTC,1.323056,29.398859,-98.479915,29.518581,-98.48114100000001
2021-12-30 20:55:59 UTC,1.4,29.415959,-98.65095,29.347313,-98.543885
2022-02-03 01:13:37 UTC,0.009444,29.32855,-98.558356,29.324855,-98.53263299999999
2022-02-03 01:18:27 UTC,0.975556,29.325438000000002,-98.52985100000001,29.444492999999998,-98.47660400000001
2022-02-03 02:52:45 UTC,5.733889,29.502654999999997,-98.48087199999999,29.420015999999997,-98.49284899999999
2022-02-03 17:17:22 UTC,0.023889,29.449078999999998,-98.685272,29.449165,-98.6852
2022-02-03 17:19:04 UTC,0.368889,29.449154999999998,-98.68519599999999,29.456698,-98.635255
2022-02-03 17:43:18 UTC,1.006667,29.456699,-98.63525600000001,29.503998,-98.562324
2022-02-03 19:54:18 UTC,2.236667,29.522198,-98.476135,29.531874,-98.58017
2022-02-03 22:11:00 UTC,0.938333,29.533134999999998,-98.577078,29.609771000000002,-98.513684
2022-02-03 23:28:27 UTC,2.372222,29.610666,-98.51218100000001,29.541355,-98.41351
